container.title,created,deposited,published.print,doi,indexed,issn,issued,publisher,source,title,type,url,language,short.container.title,issue,page,subject
CABI Compendium,2022-11-24,2022-11-24,2022-01-07,10.1079/cabicompendium.76569,2022-11-25,2958-3969,2022-01-07,CABI Publishing,Crossref,Lonchura leucogastra,journal-article,http://dx.doi.org/10.1079/cabicompendium.76569,en,CABI Compendium,NA,NA,NA
Agricultural and Biological Chemistry,2011-07-13,2022-02-18,1984,10.1271/bbb1961.48.373,2022-07-06,"0002-1369,1881-1280",1984,Oxford University Press (OUP),Crossref,Germination inhibitor from Eucalyptus pulverulenta.,journal-article,http://dx.doi.org/10.1271/bbb1961.48.373,en,Agricultural and Biological Chemistry,2,373-376,"General Agricultural and Biological Sciences,General Biochemistry, Genetics and Molecular Biology"
CYTOLOGIA,2011-10-14,2021-04-17,1988,10.1508/cytologia.53.393,2022-11-24,"0011-4545,1348-7019",1988,International Society of Cytology,Crossref,Cytological studies in the genus Leucaena Benth.,journal-article,http://dx.doi.org/10.1508/cytologia.53.393,en,"CYTOLOGIA,cytologia",2,393-399,"Cell Biology,Plant Science,Genetics,Animal Science and Zoology"
Agricultural and Biological Chemistry,2011-07-13,2022-02-18,1985,10.1271/bbb1961.49.761,2022-04-03,"0002-1369,1881-1280",1985,Oxford University Press (OUP),Crossref,Structure/activity relationships of grandinol: A germination inhibitor in Eucalyptus.,journal-article,http://dx.doi.org/10.1271/bbb1961.49.761,en,Agricultural and Biological Chemistry,3,761-768,"General Agricultural and Biological Sciences,General Biochemistry, Genetics and Molecular Biology"
CYTOLOGIA,2011-10-14,2021-04-15,1939,10.1508/cytologia.10.205,2022-03-29,"0011-4545,1348-7019",1939,International Society of Cytology,Crossref,Studies on the Chromosome Numbers in Higher Plants III,journal-article,http://dx.doi.org/10.1508/cytologia.10.205,en,"CYTOLOGIA,cytologia",1-2,205-212,"Cell Biology,Plant Science,Genetics,Animal Science and Zoology"
Agricultural and Biological Chemistry,2011-07-13,2022-02-18,1981,10.1271/bbb1961.45.735,2023-01-14,"0002-1369,1881-1280",1981,Oxford University Press (OUP),Crossref,A novel type of antioxidant isolated from leaf wax of Eucalyptus leaves.,journal-article,http://dx.doi.org/10.1271/bbb1961.45.735,en,Agricultural and Biological Chemistry,3,735-739,"General Agricultural and Biological Sciences,General Biochemistry, Genetics and Molecular Biology"
Shokubutsugaku Zasshi,2014-07-15,2014-07-15,1891,10.15281/jplantres1887.5.197,2022-04-04,0006-808X,1891,The Botanical Society of Japan,Crossref,New Japanese Lichens,journal-article,http://dx.doi.org/10.15281/jplantres1887.5.197,en,Shokubutsugaku Zasshi,52,197-200,Plant Science
Agricultural and Biological Chemistry,2011-07-13,2022-02-18,1990,10.1271/bbb1961.54.231,2022-04-02,"0002-1369,1881-1280",1990,Oxford University Press (OUP),Crossref,Antibacterial compounds from Eucalyptus perriniana.,journal-article,http://dx.doi.org/10.1271/bbb1961.54.231,en,Agricultural and Biological Chemistry,1,231-232,"General Agricultural and Biological Sciences,General Biochemistry, Genetics and Molecular Biology"
Journal of Health Science,2009-10-01,2021-03-19,2009,10.1248/jhs.55.732,2023-02-10,"1344-9702,1347-5207",2009,Pharmaceutical Society of Japan,Crossref,"Antioxidant Properties and .ALPHA.-amylase Inhibition of Terminalia superba, Albizia sp., Cola nitida, Cola odorata and Harungana madagascarensis Used in the Management of Diabetes in Cameroon",journal-article,http://dx.doi.org/10.1248/jhs.55.732,en,"JOURNAL OF HEALTH SCIENCE,J. Health Sci.",5,732-738,"Health, Toxicology and Mutagenesis,Toxicology"
Eiyo To Shokuryo,2011-08-16,2021-05-20,1976,10.4327/jsnfs1949.29.307,2022-04-03,1883-8863,1976,Japanese Society of Nutrition and Food Science,Crossref,Neutritive Evaluation of Euphausia superba Protein in Rats,journal-article,http://dx.doi.org/10.4327/jsnfs1949.29.307,ja,JJSFN,6,307-310,"Cell Biology,Developmental Biology,Embryology,Anatomy"
Japanese Journal of Ornithology,2011-09-20,2021-05-20,1920,10.3838/jjo1915.2.9_239,2022-03-29,"0040-9480,1881-9702",1920,JStage (Ornithological Society of Japan),Crossref,On the sexual differences of Pseudotadorna cristata Kuroda,journal-article,http://dx.doi.org/10.3838/jjo1915.2.9_239,NA,Japanese Journal of Ornithology,9,239-242,NA
Eiyo To Shokuryo,2011-08-16,2021-05-20,1978,10.4327/jsnfs1949.31.129,2022-04-04,1883-8863,1978,Japanese Society of Nutrition and Food Science,Crossref,"Activities of Protease, Tyrosinase and Myosin ATPase in Euphausia superba",journal-article,http://dx.doi.org/10.4327/jsnfs1949.31.129,ja,JJSFN,2,129-133,"Cell Biology,Developmental Biology,Embryology,Anatomy"
Eiyo To Shokuryo,2011-08-16,2021-05-20,1976,10.4327/jsnfs1949.29.347,2022-04-01,1883-8863,1976,Japanese Society of Nutrition and Food Science,Crossref,Extraction of Euphausia superba Protein and it's Several Charactors,journal-article,http://dx.doi.org/10.4327/jsnfs1949.29.347,ja,JJSFN,6,347-350,"Cell Biology,Developmental Biology,Embryology,Anatomy"
"Bioscience, Biotechnology, and Biochemistry",2010-05-07,2022-06-07,2010-05-23,10.1271/bbb.90727,2022-06-07,"0916-8451,1347-6947",2010-05-23,Informa UK Limited,Crossref,"Mutagenic and Antimutagenic Effects of the Traditional Herb Used for Treating Erectile Dysfunction,<i>Butea superba</i>Roxb.",journal-article,http://dx.doi.org/10.1271/bbb.90727,en,"Bioscience, Biotechnology, and Biochemistry",5,923-927,"Organic Chemistry,Molecular Biology,Applied Microbiology and Biotechnology,General Medicine,Biochemistry,Analytical Chemistry,Biotechnology"
Eiyo To Shokuryo,2011-08-16,2021-05-20,1977,10.4327/jsnfs1949.30.283,2022-03-31,1883-8863,1977,Japanese Society of Nutrition and Food Science,Crossref,The Reaction of Preboiled Euphausia superba Autoxidized USFA with VBN or Non-VBN Fraction,journal-article,http://dx.doi.org/10.4327/jsnfs1949.30.283,ja,JJSFN,5,283-289,"Cell Biology,Developmental Biology,Embryology,Anatomy"
Journal of Japan Oil Chemists' Society,2011-06-29,2022-06-30,1964,10.5650/jos1956.13.203,2022-06-30,1884-2003,1964,Japan Oil Chemists' Society,Crossref,Acetone-soluble Lipid,journal-article,http://dx.doi.org/10.5650/jos1956.13.203,NA,J. Jpn. Oil. Chem. Soc.,4,203-206,General Medicine
Journal of the Japanese Society for Horticultural Science,2006-05-22,2022-11-04,2006,10.2503/jjshs.75.273,2022-11-04,"0013-7626,1880-358X",2006,Japanese Society for Horticultural Science,Crossref,Compatibility of Interspecific Hybridization in Zantedeschia,journal-article,http://dx.doi.org/10.2503/jjshs.75.273,NA,J. Japan. Soc. Hort. Sci.,3,273-275,"Horticulture,Electrical and Electronic Engineering,Building and Construction"
Journal of Pharmacological Sciences,2014-03-18,2021-05-19,2014,10.1254/jphs.13252fp,2022-09-27,"1347-8613,1347-8648",2014,Japanese Pharmacological Society,Crossref,Butea superba–Induced Amelioration of Cognitive and Emotional Deficits in Olfactory Bulbectomized Mice and Putative Mechanisms Underlying Its Actions,journal-article,http://dx.doi.org/10.1254/jphs.13252fp,en,J Pharmacol Sci,4,457-467,"Pharmacology,Molecular Medicine"
Eiyo To Shokuryo,2011-08-16,2021-05-20,1977,10.4327/jsnfs1949.30.181,2022-04-06,1883-8863,1977,Japanese Society of Nutrition and Food Science,Crossref,Supplemental Effects of Euphausia superba Protein Concentrate to Wheat Gluten,journal-article,http://dx.doi.org/10.4327/jsnfs1949.30.181,ja,JJSFN,4,181-186,"Cell Biology,Developmental Biology,Embryology,Anatomy"
Agricultural and Biological Chemistry,2011-07-13,2022-02-18,1982,10.1271/bbb1961.46.691,2022-03-31,"0002-1369,1881-1280",1982,Oxford University Press (OUP),Crossref,Purification and some properties of two ribonucleases from Euphausia superba.,journal-article,http://dx.doi.org/10.1271/bbb1961.46.691,en,Agricultural and Biological Chemistry,3,691-696,"General Agricultural and Biological Sciences,General Biochemistry, Genetics and Molecular Biology"
"Bioscience, Biotechnology, and Biochemistry",2010-11-08,2022-06-07,2010-11-23,10.1271/bbb.100159,2022-06-07,"0916-8451,1347-6947",2010-11-23,Informa UK Limited,Crossref,"Estrogenic and Anti-Estrogenic Activities of the Thai Traditional Herb,<i>Butea superba</i>Roxb.",journal-article,http://dx.doi.org/10.1271/bbb.100159,en,"Bioscience, Biotechnology, and Biochemistry",11,2176-2182,"Organic Chemistry,Molecular Biology,Applied Microbiology and Biotechnology,General Medicine,Biochemistry,Analytical Chemistry,Biotechnology"
CYTOLOGIA,2022-06-24,2022-06-25,2022-06-25,10.1508/cytologia.87.195,2022-06-25,"0011-4545,1348-7019",2022-06-25,International Society of Cytology,Crossref,Cytological Studies in Endangered &lt;i&gt;Phlomoides superba&lt;/i&gt; (Royle ex Benth.) Kamelin &amp; Makhm.,journal-article,http://dx.doi.org/10.1508/cytologia.87.195,en,"CYTOLOGIA,cytologia",2,195-200,"Cell Biology,Plant Science,Genetics,Animal Science and Zoology"
Biological and Pharmaceutical Bulletin,2006-10-02,2021-02-24,2006,10.1248/bpb.29.2126,2023-02-14,"0918-6158,1347-5215",2006,Pharmaceutical Society of Japan,Crossref,Activity of Neolignans Isolated from Piper regnellii (MIQ.) C. DC. var. pallescens (C. DC.) YUNCK against Trypanosoma cruzi,journal-article,http://dx.doi.org/10.1248/bpb.29.2126,en,"Biological &amp; Pharmaceutical Bulletin,Biol. Pharm. Bull.",10,2126-2130,"Pharmaceutical Science,Pharmacology,General Medicine"
Journal of Japan Oil Chemists' Society,2011-06-29,2022-06-30,1964,10.5650/jos1956.13.477,2022-06-30,1884-2003,1964,Japan Oil Chemists' Society,Crossref,"Studies on the Lipid of Euphausiacea, Euphausia superba. II",journal-article,http://dx.doi.org/10.5650/jos1956.13.477,NA,J. Jpn. Oil. Chem. Soc.,9,477-480,General Medicine
Chromosome Botany,2007-12-19,2021-05-20,2007,10.3199/iscb.2.107,2022-04-04,"1881-5936,1881-8285",2007,International Society of Chromosome Botany,Crossref,Somatic chromosome studies of six species of Hylotelephium (Crassulaceae) in Asian continent,journal-article,http://dx.doi.org/10.3199/iscb.2.107,en,Chromosome Botany,3,107-112,General Medicine
Shokubutsugaku Zasshi,2014-07-15,2014-07-15,1898,10.15281/jplantres1887.12.134_en34,2022-03-28,0006-808X,1898,The Botanical Society of Japan,Crossref,List of Plants collected in Mt. Togakushi and its Vicinities.,journal-article,http://dx.doi.org/10.15281/jplantres1887.12.134_en34,en,Shokubutsugaku Zasshi,134,en34-en35,Plant Science
Chemical and Pharmaceutical Bulletin,2011-12-08,2021-03-16,1976,10.1248/cpb.24.2102,2022-04-04,"0009-2363,1347-5223",1976,Pharmaceutical Society of Japan,Crossref,Studies on the constituents of enkianthus nudipes. V. A new lignan xyloside from the stems.,journal-article,http://dx.doi.org/10.1248/cpb.24.2102,en,"CHEMICAL &amp; PHARMACEUTICAL BULLETIN,Chem. Pharm. Bull.",9,2102-2105,"Drug Discovery,General Chemistry,General Medicine"
Agricultural and Biological Chemistry,2011-07-13,2022-02-18,1980,10.1271/bbb1961.44.663,2022-04-02,"0002-1369,1881-1280",1980,Oxford University Press (OUP),Crossref,"Synthesis of new 6,8-disubstituted 2-guanidino-4(3H)-quinazolinones as potential antifungal agents.",journal-article,http://dx.doi.org/10.1271/bbb1961.44.663,en,Agricultural and Biological Chemistry,3,663-665,"General Agricultural and Biological Sciences,General Biochemistry, Genetics and Molecular Biology"
Journal of Geography (Chigaku Zasshi),2011-07-13,2021-05-19,1995,10.5026/jgeography.104.5_719,2022-04-06,"0022-135X,1884-0884",1995,Tokyo Geographical Society,Crossref,"Coral Terraces on the Huon Peninsula, North Eastern Papua New Guinea. Nonarticulated Coralline Algal Flora of Present-day Coral Reefs on Huon Peninsula.",journal-article,http://dx.doi.org/10.5026/jgeography.104.5_719,NA,Journal of Geography (Chigaku Zasshi),5,719-724,"Earth-Surface Processes,Geology,Geophysics,Geography, Planning and Development,Global and Planetary Change"
Shokubutsugaku Zasshi,2014-07-15,2014-07-15,1936,10.15281/jplantres1887.50.608,2022-03-30,0006-808X,1936,The Botanical Society of Japan,Crossref,Nuntia ad Floram Japoni^|^aelig;. XXIX,journal-article,http://dx.doi.org/10.15281/jplantres1887.50.608,en,Shokubutsugaku Zasshi,599,608-609,Plant Science
Shokubutsugaku Zasshi,2014-07-15,2020-06-25,1911,10.15281/jplantres1887.25.288_9a,2022-04-01,"0006-808X,2185-3835",1911,The Botanical Society of Japan,Crossref,Observations on the Flora of Japan. (&lt;i&gt;Continued from vol. XXIV. p. 305&lt;/i&gt;.),journal-article,http://dx.doi.org/10.15281/jplantres1887.25.288_9a,en,Shokubutsugaku Zasshi,288,en9-en18,Plant Science
YAKUGAKU ZASSHI,2017-04-20,2017-04-20,1973,10.1248/yakushi1947.93.2_223,2022-04-02,"0031-6903,1347-5231",1973,Pharmaceutical Society of Japan,Crossref,Studies on the Constituents of Enkianthus nudipes. III. A New Phenolic Glucoside from the Stems,journal-article,http://dx.doi.org/10.1248/yakushi1947.93.2_223,en,YAKUGAKU ZASSHI,2,223-225,"Pharmaceutical Science,Pharmacology"
Bulletin of the Chemical Society of Japan,2006-07-25,2016-08-24,1990-06,10.1246/bcsj.63.1706,2022-06-25,"0009-2673,1348-0634",1990-06,The Chemical Society of Japan,Crossref,"Total Synthesis of (−)-Chiloscyphone, Sesquiterpenoid Isolated from the Liverwort. Absolute Configuration of (−)-Chiloscyphone and (+)-Chiloscypholone",journal-article,http://dx.doi.org/10.1246/bcsj.63.1706,en,BCSJ,6,1706-1712,General Chemistry
YAKUGAKU ZASSHI,2017-04-20,2017-04-20,1972,10.1248/yakushi1947.92.11_1395,2022-04-01,"0031-6903,1347-5231",1972,Pharmaceutical Society of Japan,Crossref,Studies on the Constituents of Enkianthus nudipes. II. The Structure and the Absolute Configuration of a New Catechin Compound from the Leaves,journal-article,http://dx.doi.org/10.1248/yakushi1947.92.11_1395,en,YAKUGAKU ZASSHI,11,1395-1399,"Pharmaceutical Science,Pharmacology"
Crustacean Research,2017-11-27,2017-11-27,2012,10.18353/crustacea.special2012.7_75,2022-04-05,"0287-3478,2189-5317",2012,Carcinological Society of Japan,Crossref,Re-examination of Pacifastacus nigrescens (Decapoda: Astacidae),journal-article,http://dx.doi.org/10.18353/crustacea.special2012.7_75,en,Crust Res,7,75-83,General Medicine
Crustacean Research,2021-12-17,2021-12-18,2022,10.18353/crustacea.51.0_1,2022-04-06,"0287-3478,2189-5317",2022,Carcinological Society of Japan,Crossref,"Size at sexual maturity of male &lt;i&gt;Lucensosergia lucens&lt;/i&gt; (Decapoda: Sergestidae) in Suruga Bay, Japan",journal-article,http://dx.doi.org/10.18353/crustacea.51.0_1,en,Crust Res,0,1-10,General Medicine
YAKUGAKU ZASSHI,2017-04-20,2017-04-20,1975,10.1248/yakushi1947.95.6_655,2022-04-01,"0031-6903,1347-5231",1975,Pharmaceutical Society of Japan,Crossref,Studies on the Constituents of Enkianthus nudipes. IV. A New Flavone Glucoside from the Stems,journal-article,http://dx.doi.org/10.1248/yakushi1947.95.6_655,en,YAKUGAKU ZASSHI,6,655-658,"Pharmaceutical Science,Pharmacology"
YAKUGAKU ZASSHI,2017-04-20,2017-04-20,1970,10.1248/yakushi1947.90.9_1081,2022-06-18,"0031-6903,1347-5231",1970,Pharmaceutical Society of Japan,Crossref,Studies on the Constituents of Enkianthus nudipes. I. : New Flavan Glucosides of the Leaves and Its Absolute Configuration,journal-article,http://dx.doi.org/10.1248/yakushi1947.90.9_1081,en,YAKUGAKU ZASSHI,9,1081-1087,"Pharmaceutical Science,Pharmacology"
Journal of Nutritional Science and Vitaminology,2011-09-13,2011-09-13,1996,10.3177/jnsv.42.397,2022-06-21,"0301-4800,1881-7742",1996,Center for Academic Publications Japan,Crossref,Nutritional Status of Vitamin A and E in Institutionalized Elderly People in Granada (Spain).,journal-article,http://dx.doi.org/10.3177/jnsv.42.397,en,"Journal of Nutritional Science and Vitaminology, J Nutr Sci Vitaminol",5,397-405,"Nutrition and Dietetics,Medicine (miscellaneous)"
Japanese Journal of Pharmacology,2008-01-24,2021-09-02,1996,10.1254/jjp.72.335,2022-03-30,0021-5198,1996,Elsevier BV,Crossref,Electrophysiological and Pharmacological Characteristics of Ionotropic Glutamate Receptors in Medial Vestibular Nucleus Neurons: A Whole Cell Patch Clamp Study in Acutely Dissociated Neurons,journal-article,http://dx.doi.org/10.1254/jjp.72.335,en,Japanese Journal of Pharmacology,4,335-346,Pharmacology
NIPPON SUISAN GAKKAISHI,2011-09-20,2021-05-19,1992,10.2331/suisan.58.1405,2022-06-20,"1349-998X,0021-5392",1992,Japanese Society of Fisheries Science,Crossref,"Growth, Population Age Structure and Mortality of the Limpet Collisella heroldi (DUNKER, 1861)(Gastropoda: Acmaeidae) in an Intertidal Rocky Shore, in Southern Hokkaido.",journal-article,http://dx.doi.org/10.2331/suisan.58.1405,en,NIPPON SUISAN GAKKAISHI,8,1405-1410,Aquatic Science
The Review of Laser Engineering,2011-12-16,2021-05-21,2001,10.2184/lsj.29.496,2022-04-03,"0387-0200,1349-6603",2001,Laser Society of Japan,Crossref,Information Technology Industry and Laser Technology. GI Polymer Optical Fiber Enabling Highest Data Transmission Worldwide.,journal-article,http://dx.doi.org/10.2184/lsj.29.496,en,"The Review of Laser Engineering,rle",8,496-500,NA
Journal of Japan Society on Water Environment,2010-01-12,2021-05-20,2008,10.2965/jswe.31.463,2022-05-28,"0916-8958,1881-3690",2008,Japan Society on Water Environment,Crossref,A Data Analysis on the High Concentration of Phytoplankton in the Upstream Reach of Nagara Rivermouth Barrage,journal-article,http://dx.doi.org/10.2965/jswe.31.463,ja,"Mizu Kankyo Gakkaishi,Journal of Japan Society on Water Environment",8,463-470,NA
BENTHOS RESEARCH,2015-04-30,2019-08-24,2003,10.5179/benthos1996.58.1_7,2022-07-30,"0289-4548,1883-8901",2003,The Japanese Association of Benthology,Crossref,"Variability in the Reproductive Characteristics of Local Populations of an Intertidal Gastropod, Nerita japonica(Dunker)",journal-article,http://dx.doi.org/10.5179/benthos1996.58.1_7,en,BENTHOS RESEARCH,1,7-14,General Arts and Humanities
Engei Gakkai zasshi,2009-09-14,2022-11-04,1998,10.2503/jjshs.67.261,2022-11-04,"1880-358X,0013-7626",1998,Japanese Society for Horticultural Science,Crossref,In vitro Studies on Ethylene-Enhanced Chlorophyll Degrading Peroxidase and Its Reaction Products in Banana (Musa sapientum L.) Fruits.,journal-article,http://dx.doi.org/10.2503/jjshs.67.261,en,Engei Gakkai zasshi,2,261-269,"Horticulture,Electrical and Electronic Engineering,Building and Construction"
GEOCHEMICAL JOURNAL,2013-03-22,2021-05-20,2010,10.2343/geochemj.1.0050,2023-02-15,0016-7002,2010,Geochemical Society of Japan,Crossref,"Groundwaters of Mt. Vulture volcano, southern Italy: Chemistry and sulfur isotope composition of dissolved sulfate",journal-article,http://dx.doi.org/10.2343/geochemj.1.0050,en,Geochem. J.,2,125-135,"Geochemistry and Petrology,Geophysics"
Japanese Journal of Ornithology,2011-09-20,2021-05-20,1933,10.3838/jjo1915.8.102,2022-04-02,"0040-9480,1881-9702",1933,JStage (Ornithological Society of Japan),Crossref,On the Breeding of Eimberiza l. leucocephalos in Sakhalin,journal-article,http://dx.doi.org/10.3838/jjo1915.8.102,NA,Japanese Journal of Ornithology,37,102-110_1,NA
Circulation Journal,2018-10-04,2018-11-23,2018-11-24,10.1253/circj.cj-18-0709,2022-07-18,"1346-9843,1347-4820",2018-11-24,Japanese Circulation Society,Crossref,Prognostic Impact of Computed Tomography-Derived Abdominal Fat Area on Transcatheter Aortic Valve Implantation,journal-article,http://dx.doi.org/10.1253/circj.cj-18-0709,en,Circ J,12,3082-3089,"Cardiology and Cardiovascular Medicine,General Medicine"
IEICE Transactions on Electronics,2009-03-19,2021-04-26,2009,10.1587/transele.e92.c.231,2022-12-27,"0916-8524,1745-1353",2009,"Institute of Electronics, Information and Communications Engineers (IEICE)",Crossref,Optical Microsensors Integration Technologies for Biomedical Applications,journal-article,http://dx.doi.org/10.1587/transele.e92.c.231,en,IEICE Trans. Electron.,2,231-238,"Electrical and Electronic Engineering,Electronic, Optical and Magnetic Materials"
The Journal of the Geological Society of Japan,2021-12-31,2021-12-31,2021-10-15,10.5575/geosoc.erratum_2021.10,2022-04-01,"0016-7630,1349-9963",2021-10-15,The Geological Society of Japan,Crossref,Erratum : Updating “the laws of convergence rate of plates” by Otsuki (1989),journal-article,http://dx.doi.org/10.5575/geosoc.erratum_2021.10,en,Jour. Geol. Soc. Japan,10,650-650,"General Earth and Planetary Sciences,General Engineering,General Environmental Science"
The Journal of the Geological Society of Japan,2021-12-14,2023-01-18,2021-09-15,10.5575/geosoc.2021.0008,2023-01-19,"0016-7630,1349-9963",2021-09-15,The Geological Society of Japan,Crossref,Updating “the laws of convergence rate of plates” by Otsuki (1989),journal-article,http://dx.doi.org/10.5575/geosoc.2021.0008,en,Jour. Geol. Soc. Japan,9,527-544,"General Earth and Planetary Sciences,General Engineering,General Environmental Science"
Journal of Physics of the Earth,2011-05-31,2021-05-20,1972,10.4294/jpe1952.20.271,2022-06-24,"1884-2305,0022-3743",1972,Seismological Society of Japan,Crossref,TERRESTRIAL HEAT FLOW AND FEATURES OF THE UPPER MANTLE BENEATH THE PACIFIC AND THE SEA OF JAPAN,journal-article,http://dx.doi.org/10.4294/jpe1952.20.271,en,"J,Phys,Earth",3,271-285,General Earth and Planetary Sciences
Journal of Physics of the Earth,2011-05-31,2021-05-20,1988,10.4294/jpe1952.36.255,2023-02-01,"1884-2305,0022-3743",1988,Seismological Society of Japan,Crossref,A spectral approach to moho depths estimation from gravity measurements in Epirus (NW Greece).,journal-article,http://dx.doi.org/10.4294/jpe1952.36.255,en,"J,Phys,Earth",6,255-266,General Earth and Planetary Sciences
The Kurume Medical Journal,2011-06-09,2021-05-20,1980,10.2739/kurumemedj.27.37,2022-03-31,"0023-5679,1881-2090",1980,Kurume Medical Journal,Crossref,Enteric coated levodopa for the medical management of parkinsonism.,journal-article,http://dx.doi.org/10.2739/kurumemedj.27.37,en,Kurume Med. J.,1,37-41,General Medicine
The Kurume Medical Journal,2011-06-09,2021-05-20,1972,10.2739/kurumemedj.19.133,2022-04-02,"0023-5679,1881-2090",1972,Kurume Medical Journal,Crossref,THE EFFECT OF CHLORPROMAZINE ON CATECHOLAMINE CONTENTS IN RAT BRAINS,journal-article,http://dx.doi.org/10.2739/kurumemedj.19.133,en,Kurume Med. J.,2,133-136,General Medicine
Orthopedics &amp; Traumatology,2011-06-09,2021-05-19,1997,10.5035/nishiseisai.46.413,2022-03-28,"1349-4333,0037-1033",1997,West-Japanese Society of Orthopedics & Traumatology,Crossref,Treatment of Femoral Neck Fractures in Patients with Pre-existing Physical or Mental Problems.,journal-article,http://dx.doi.org/10.5035/nishiseisai.46.413,NA,Orthopedics &amp; Traumatology,2,413-415,General Medicine
Bulletin of the Chemical Society of Japan,2002-09-06,2020-03-06,2000-08,10.1246/bcsj.73.1919,2022-04-03,"0009-2673,1348-0634",2000-08,The Chemical Society of Japan,Crossref,High Magnetic Field Effects on Interdigitated Microarray Electrodes,journal-article,http://dx.doi.org/10.1246/bcsj.73.1919,en,BCSJ,8,1919-1923,General Chemistry
Crustacean Research,2017-12-25,2017-12-25,2006,10.18353/crustacea.special2006.6_133,2022-04-05,"0287-3478,2189-5317",2006,Carcinological Society of Japan,Crossref,Descriptions of color patterns in selected species of pagurid hermit crabs with sexual tubes (Decapoda: Anomura: Paguridae) from Japan,journal-article,http://dx.doi.org/10.18353/crustacea.special2006.6_133,en,Crust Res,6,133-149,General Medicine
Japanese Journal of Water Treatment Biology,2012-02-06,2012-02-06,1988,10.2521/jswtb.24.2_44,2022-04-03,"0910-6758,1881-0438",1988,Japanese Society of Water Treatment Biology,Crossref,Taxonomical Studies on Pennate Diatom Fragilaria pinnata Ehr.,journal-article,http://dx.doi.org/10.2521/jswtb.24.2_44,NA,Japanese J. Wat. Treat. Biol.,2,44-48,NA
Proceedings of the Imperial Academy,2018-08-07,2018-08-11,1934,10.2183/pjab1912.10.282,2022-04-02,"0369-9846,1881-1140",1934,Japan Academy,Crossref,Relative Antiquity of the Naiporo and Estru Coalbearings Group of the Japanese Saghalin,journal-article,http://dx.doi.org/10.2183/pjab1912.10.282,en,Proceedings of the Imperial Academy,5,282-285,General Medicine
HISPANICA / HISPÁNICA,2020-03-12,2020-03-14,2019-12-25,10.4994/hispanica.2019.161,2022-04-05,"0910-7789,1884-0574",2019-12-25,Japonesa,Crossref,&lt;i&gt;Francisco de Goya: una mirada desde México&lt;/i&gt;,journal-article,http://dx.doi.org/10.4994/hispanica.2019.161,en,"HISPANICA/HISPÁNICA/ISPANICA/ISPANIKA,Japanese Association of Hispanists / Asociacion Japonesa de Hispanistas,Isupanika,HISPANICA / HISPÁNICA",63,161-166,General Chemical Engineering
Japanese Journal of Water Treatment Biology,2012-02-06,2012-02-06,1988,10.2521/jswtb.24.2_30,2022-03-31,"0910-6758,1881-0438",1988,Japanese Society of Water Treatment Biology,Crossref,Taxonomical Studies on Pennate Diatom Fragilaria pinnata Ehr.,journal-article,http://dx.doi.org/10.2521/jswtb.24.2_30,NA,Japanese J. Wat. Treat. Biol.,2,30-36,NA
Journal of Architecture and Planning (Transactions of AIJ),2022-02-28,2023-01-28,2022-03-01,10.3130/aija.87.656,2023-01-29,"1340-4210,1881-8161",2022-03-01,Architectural Institute of Japan,Crossref,&lt;i&gt;CAVEA&lt;/i&gt; PLAN OF ROMAN THEATRES (PART 1) : UNTIL THE EARLY FIRST CENTURY B.C.,journal-article,http://dx.doi.org/10.3130/aija.87.656,en,"Transactions of AIJ,Journal of Architecture and Planning,Nihon Kenchiku Gakkai Keikakukei Ronbunshu,J. Archit. Plann.,Journal of Architecture and Planning (Transactions of AIJ)",793,656-667,"General Earth and Planetary Sciences,General Engineering,General Environmental Science"
Molecular Ecology Resources,2008-07-08,2021-07-06,2008-09,10.1111/j.1755-0998.2008.02209.x,2022-03-31,"1755-098X,1755-0998",2008-09,Wiley,Crossref,Isolation and characterization of 17 polymorphic microsatellite loci for the three-toed woodpecker (<i>Picoides tridactylus</i>),journal-article,http://dx.doi.org/10.1111/j.1755-0998.2008.02209.x,en,NA,5,1152-1154,"Genetics,Ecology, Evolution, Behavior and Systematics,Biotechnology"
The Japanese Journal of Veterinary Science,2011-08-16,2021-03-31,1973,10.1292/jvms1939.35.311,2022-03-31,"0021-5295,1881-1442",1973,Japanese Society of Veterinary Science,Crossref,COMPARATIVE AND TOPOGRAPHICAL ANATOMY OF THE FOWL : LXXIII. SIZE AND DISTRIBUTION OF CORPUSCULA RENIS,journal-article,http://dx.doi.org/10.1292/jvms1939.35.311,en,The Japanese Journal of Veterinary Science,4,311-318_2,General Medicine
"Bioscience, Biotechnology, and Biochemistry",2005-03-29,2022-06-07,1998-01,10.1271/bbb.62.1231,2022-11-04,"0916-8451,1347-6947",1998-01,Informa UK Limited,Crossref,Globulin and Albumin-2 Associated with Protein Bodies in<i>Amaranthus cruentus</i>Seeds,journal-article,http://dx.doi.org/10.1271/bbb.62.1231,en,"Bioscience, Biotechnology, and Biochemistry",6,1231-1233,"Organic Chemistry,Molecular Biology,Applied Microbiology and Biotechnology,General Medicine,Biochemistry,Analytical Chemistry,Biotechnology"
Japanese Journal of Breeding,2011-08-18,2021-03-29,1992,10.1270/jsbbs1951.42.43,2022-03-30,"0536-3683,2185-291X",1992,Japanese Society of Breeding,Crossref,Pollen Fertility and Seed Set Percentage After Backcrossing of Sesquidiploids(AAC genomes)Derived from Interspecific Hybrid between Brassica campestris L. (AA)and B. oleracea L. (CC)and Frequency Distribution of Aneuploids in the Progenies.,journal-article,http://dx.doi.org/10.1270/jsbbs1951.42.43,en,"Ikushugaku zasshi,Jpn.J. Breed.",1,43-53,Aerospace Engineering
Japanese Journal of Breeding,2011-08-16,2021-03-29,1971,10.1270/jsbbs1951.21.40,2022-11-15,"0536-3683,2185-291X",1971,Japanese Society of Breeding,Crossref,Studies on the Breeding of Oil Rape (Brassica napus var. oleifera) by Means of Interspecific Crosses between B. campestris ssp. oleifera and B. oleracea : I. Interspecific Crosses with the Application of Grafting Method or the Treatment of Sugar Solution,journal-article,http://dx.doi.org/10.1270/jsbbs1951.21.40,en,"Ikushugaku zasshi,Jpn.J. Breed.",1,40-48,Aerospace Engineering
Journal of the Yamashina Institute for Ornithology,2011-06-29,2021-05-20,1973,10.3312/jyio1952.7.2_179,2022-11-12,"1883-3659,0044-0183",1973,Yamashina Institute for Ornithology,Crossref,A comparative study on the wintering ecology of four species of Emberiza in the basin of Chikuma River,journal-article,http://dx.doi.org/10.3312/jyio1952.7.2_179,NA,Journal of the Yamashina Institute for Ornithology,2,179-201,NA
The Journal of the Geological Society of Japan,2011-12-21,2021-05-20,1924,10.5575/geosoc.31.375_395,2022-04-02,"0016-7630,1349-9963",1924,The Geological Society of Japan,Crossref,NA,journal-article,http://dx.doi.org/10.5575/geosoc.31.375_395,NA,Jour. Geol. Soc. Japan,375,395-414,"General Earth and Planetary Sciences,General Engineering,General Environmental Science"
CABI Compendium,2022-11-24,2022-11-24,2022-01-07,10.1079/cabicompendium.63412,2022-11-25,2958-3969,2022-01-07,CABI Publishing,Crossref,Strix aluco,journal-article,http://dx.doi.org/10.1079/cabicompendium.63412,en,CABI Compendium,NA,NA,NA
CABI Compendium,2022-11-24,2022-11-24,2022-01-07,10.1079/cabicompendium.93421,2022-11-25,2958-3969,2022-01-07,CABI Publishing,Crossref,Aratinga nana,journal-article,http://dx.doi.org/10.1079/cabicompendium.93421,en,CABI Compendium,NA,NA,NA
Ibis,2008-04-03,2021-07-07,NA,10.1111/j.1474-919x.1991.tb04569.x,2022-10-18,0019-1019,2008-04-03,Wiley,Crossref,The effect of social dominance on foraging by the Three-toed Woodpecker Picoides tridactylus,journal-article,http://dx.doi.org/10.1111/j.1474-919x.1991.tb04569.x,en,NA,3,271-276,"Animal Science and Zoology,Ecology, Evolution, Behavior and Systematics"
New Zealand Journal of Zoology,2020-11-09,2021-06-08,2021-04-03,10.1080/03014223.2020.1839515,2022-04-05,"0301-4223,1175-8821",2020-11-08,Informa UK Limited,Crossref,The importance of niau (<i>Rhopalostylis baueri</i>) in the diet of the Tasman parakeet (<i>Cyanoramphus cookii</i>) in the Norfolk Island National Park,journal-article,http://dx.doi.org/10.1080/03014223.2020.1839515,en,New Zealand Journal of Zoology,2,130-138,Animal Science and Zoology
CABI Compendium,2022-11-24,2022-11-24,2022-01-07,10.1079/cabicompendium.81854712,2022-11-25,2958-3969,2022-01-07,CABI Publishing,Crossref,Cepphus grylle,journal-article,http://dx.doi.org/10.1079/cabicompendium.81854712,en,CABI Compendium,NA,NA,NA
Evolution,2007-05-08,2023-02-14,2006-12,10.1111/j.0014-3820.2006.tb01895.x,2023-02-15,"0014-3820,1558-5646",2006-12,Wiley,Crossref,HABITAT-SPECIFIC SENSORY-EXPLOITATIVE SIGNALS IN BIRDS: PROPENSITY OF DIPTERAN PREY TO CAUSE EVOLUTION OF PLUMAGE VARIATION IN FLUSH-PURSUIT INSECTIVORES,journal-article,http://dx.doi.org/10.1111/j.0014-3820.2006.tb01895.x,en,Evolution,12,2633-2642,"General Agricultural and Biological Sciences,Genetics,Ecology, Evolution, Behavior and Systematics"
Journal of Field Ornithology,2010-09-08,2022-02-21,NA,10.1111/j.1557-9263.2010.00284.x,2023-02-07,0273-8570,2010-08-26,"Resilience Alliance, Inc.",Crossref,Characteristics of nest cavities of Barrow's Goldeneyes in eastern Canada,journal-article,http://dx.doi.org/10.1111/j.1557-9263.2010.00284.x,en,NA,3,287-293,"Ecology, Evolution, Behavior and Systematics"
CABI Compendium,2022-11-24,2022-11-24,2022-01-07,10.1079/cabicompendium.72238,2022-11-25,2958-3969,2022-01-07,CABI Publishing,Crossref,Ortalis vetula,journal-article,http://dx.doi.org/10.1079/cabicompendium.72238,en,CABI Compendium,NA,NA,NA
CABI Compendium,2022-11-24,2022-11-24,2022-01-07,10.1079/cabicompendium.63347,2022-11-25,2958-3969,2022-01-07,CABI Publishing,Crossref,Streptopelia turtur,journal-article,http://dx.doi.org/10.1079/cabicompendium.63347,en,CABI Compendium,NA,NA,NA
CABI Compendium,2022-11-24,2022-11-24,2022-01-07,10.1079/cabicompendium.72980,2022-11-25,2958-3969,2022-01-07,CABI Publishing,Crossref,Neafrapus cassini,journal-article,http://dx.doi.org/10.1079/cabicompendium.72980,en,CABI Compendium,NA,NA,NA
CABI Compendium,2022-11-25,2022-11-25,2022-01-07,10.1079/cabicompendium.71634,2022-11-25,2958-3969,2022-01-07,CABI Publishing,Crossref,Paroreomyza flammea (Molokai creeper),journal-article,http://dx.doi.org/10.1079/cabicompendium.71634,en,CABI Compendium,NA,NA,NA
The Auk,2012-09-14,2019-02-27,1996-01,10.2307/4088950,2022-04-28,"0004-8038,1938-4254",1996-01,Oxford University Press (OUP),Crossref,Relationship between Testis Size and Mating Systems in American Sparrows (Emberizinae),journal-article,http://dx.doi.org/10.2307/4088950,NA,The Auk,1,224-228,"Animal Science and Zoology,Ecology, Evolution, Behavior and Systematics"
NA,2021-01-26,2021-12-15,NA,10.1101/2021.01.24.427984,2022-03-29,NA,2021-01-26,Cold Spring Harbor Laboratory,Crossref,Long-term monitoring reveals topographical features and vegetation explain winter habitat use of an Arctic rodent,posted-content,http://dx.doi.org/10.1101/2021.01.24.427984,NA,NA,NA,NA,NA
PLoS ONE,2009-11-17,2019-05-23,NA,10.1371/journal.pone.0007895,2023-01-17,1932-6203,2009-11-18,Public Library of Science (PLoS),Crossref,"Extrapair Paternity and Maternity in the Three-Toed Woodpecker, Picoides tridactylus: Insights from Microsatellite-Based Parentage Analysis",journal-article,http://dx.doi.org/10.1371/journal.pone.0007895,en,PLoS ONE,11,e7895,Multidisciplinary
Forest Ecology and Management,2002-10-11,2019-04-13,2002-07,10.1016/s0378-1127(01)00598-9,2023-01-14,0378-1127,2002-07,Elsevier BV,Crossref,Area sensitivity and edge avoidance: the case of the Three-toed Woodpecker (Picoides tridactylus) in a managed forest,journal-article,http://dx.doi.org/10.1016/s0378-1127(01)00598-9,en,Forest Ecology and Management,1-3,249-256,"Management, Monitoring, Policy and Law,Nature and Landscape Conservation,Forestry"
The Auk,2019-09-06,2019-09-06,2006-01-01,10.1093/auk/123.1.235,2022-10-18,"1938-4254,0004-8038",2006-01-01,Oxford University Press (OUP),Crossref,Foraging Behavior of Eurasian Three-Toed Woodpeckers (Picoides Tridactylus Alpinus) in Relation to Sex and Season in Germany,journal-article,http://dx.doi.org/10.1093/auk/123.1.235,en,NA,1,235-246,"Animal Science and Zoology,Ecology, Evolution, Behavior and Systematics"
Ornis Svecica,2021-09-10,2021-09-10,NA,10.34080/os.v6.22986,2022-04-05,"2003-2633,1102-6812",1996-07-01,Ornis Svecica,Crossref,Förekomst av tretåig hackspett Picoides tridactylus på bestånds- och landskapsnivå,journal-article,http://dx.doi.org/10.34080/os.v6.22986,NA,Ornis Svec,3,107-119,Animal Science and Zoology
Caribbean Journal of Science,2016-01-04,2017-06-23,2010-01,10.18475/cjos.v46i2.a2,2022-04-03,0008-6452,2010-01,University of Puerto Rico at Mayaguez,Crossref,The origins of the recently discovered Hispaniolan Olive-throated Parakeet: A phylogeographic perspective on a conservation conundrum,journal-article,http://dx.doi.org/10.18475/cjos.v46i2.a2,en,Caribbean Journal of Science,2-3,143-149,Multidisciplinary
CABI Compendium,2022-11-25,2022-11-25,2022-01-07,10.1079/cabicompendium.71648,2022-11-25,2958-3969,2022-01-07,CABI Publishing,Crossref,Parus ater,journal-article,http://dx.doi.org/10.1079/cabicompendium.71648,en,CABI Compendium,NA,NA,NA
NA,2023-02-10,2023-02-10,NA,10.58809/ewez4182,2023-02-11,NA,NA,Fort Hays State University,Crossref,Assessment of West Nile Virus Prevalence Using Rt-Pcr in Resident and Migratory Birds of Western Kansas,dissertation,http://dx.doi.org/10.58809/ewez4182,NA,NA,NA,NA,NA
Ornitología Neotropical,2023-02-09,2023-02-09,NA,10.58843/ornneo.v32i2.751,2023-02-10,"1075-4377,1075-4377",2022-01-06,Neotropical Ornithological Society,Crossref,"CONTRIBUTION OF INFORMAL GREENSPACE TO BIRD CONSERVATION IN CITIES: A COMPARATIVE STUDY ON THE DIVERSITY OF BIRD COMMUNITIES IN VACANT LANDS, URBAN PARKS AND RESIDENTIAL AREAS",journal-article,http://dx.doi.org/10.58843/ornneo.v32i2.751,NA,Ornitol. Neotrop.,2,179-187,NA
CABI Compendium,2022-11-24,2022-11-24,2022-01-07,10.1079/cabicompendium.82297,2022-11-25,2958-3969,2022-01-07,CABI Publishing,Crossref,Geothlypis trichas,journal-article,http://dx.doi.org/10.1079/cabicompendium.82297,en,CABI Compendium,NA,NA,NA
Waterbirds,2023-02-08,2023-02-08,2023-02-08,10.1675/063.045.0212,2023-02-09,1524-4695,2023-02-08,Waterbird Society,Crossref,Vocal Activity of Little Bittern (Ixobrychus m. minutus) during the Breeding Season,journal-article,http://dx.doi.org/10.1675/063.045.0212,NA,Waterbirds,2,NA,Animal Science and Zoology
CABI Compendium,2022-11-24,2022-11-24,2022-01-07,10.1079/cabicompendium.76719,2022-11-25,2958-3969,2022-01-07,CABI Publishing,Crossref,Loxioides bailleui (palila),journal-article,http://dx.doi.org/10.1079/cabicompendium.76719,en,CABI Compendium,NA,NA,NA
Animal Welfare,2023-01-11,2023-01-11,2000-08,10.1017/s0962728600022776,2023-01-12,"0962-7286,2054-1538",2000-08,Cambridge University Press (CUP),Crossref,Post-Release Survival of Hand-Reared Tawny Owls <i>(Strix Aluco)</i>,journal-article,http://dx.doi.org/10.1017/s0962728600022776,en,Anim. welf.,3,317-321,"General Veterinary,General Biochemistry, Genetics and Molecular Biology,Animal Science and Zoology"
Ibis,2021-03-04,2021-09-17,2021-10,10.1111/ibi.12947,2022-03-31,"0019-1019,1474-919X",2021-03-12,Wiley,Crossref,"Significance of plumage colour for winter survival in the Tawny Owl (
            <i>Strix aluco</i>
            ): revisiting the camouflage hypothesis",journal-article,http://dx.doi.org/10.1111/ibi.12947,en,Ibis,4,1437-1442,"Animal Science and Zoology,Ecology, Evolution, Behavior and Systematics"
Revista Árvore,2014-08-16,2022-04-14,2014-06,10.1590/s0100-67622014000300005,2022-04-14,0100-6762,2014-06,FapUNIFESP (SciELO),Crossref,"Frugivoria por aves em área de cerrado no município de Uberlândia, Minas Gerais",journal-article,http://dx.doi.org/10.1590/s0100-67622014000300005,NA,Rev. Árvore,3,433-442,Forestry
Functional Ecology,2003-03-11,2020-10-14,1998-06,10.1046/j.1365-2435.1998.00212.x,2023-02-01,0269-8463,1998-06,Wiley,Crossref,"Effect of nectar-robbing birds on fruit set of <i>Fuchsia magellanica</i>
 in Tierra Del Fuego: a disrupted mutualism",journal-article,http://dx.doi.org/10.1046/j.1365-2435.1998.00212.x,en,NA,3,459-464,"Ecology, Evolution, Behavior and Systematics"
Science of The Total Environment,2022-11-28,2023-01-16,2023-02,10.1016/j.scitotenv.2022.160530,2023-01-17,0048-9697,2023-02,Elsevier BV,Crossref,The importance of population contextual data for large-scale biomonitoring using an apex predator: The Tawny Owl (Strix aluco),journal-article,http://dx.doi.org/10.1016/j.scitotenv.2022.160530,en,Science of The Total Environment,NA,160530,"Pollution,Waste Management and Disposal,Environmental Chemistry,Environmental Engineering"
Diversity,2023-01-02,2023-01-02,NA,10.3390/d15010052,2023-01-03,1424-2818,2023-01-02,MDPI AG,Crossref,Dormice (Gliridae) in the Diets of Predators in Europe: A Review Broadening Understanding of Dormouse Ecology,journal-article,http://dx.doi.org/10.3390/d15010052,en,Diversity,1,52,"Nature and Landscape Conservation,Agricultural and Biological Sciences (miscellaneous),Ecological Modeling,Ecology"
NA,2016-06-05,2022-07-01,NA,10.1101/057109,2022-07-01,NA,2016-06-04,Cold Spring Harbor Laboratory,Crossref,High selfing capability and low pollinator visitation in the epiphyte<i>Pitcairnia heterophylla</i>(Bromeliaceae) at a Costa Rican cloud forest,posted-content,http://dx.doi.org/10.1101/057109,NA,NA,NA,NA,NA
Biodiversity Data Journal,2023-01-20,2023-01-20,NA,10.3897/bdj.11.e98772,2023-01-21,"1314-2828,1314-2836",2023-01-20,Pensoft Publishers,Crossref,"Mammals in Tawny Owl (Strix aluco) pellets from Kharkiv Region, Ukraine",journal-article,http://dx.doi.org/10.3897/bdj.11.e98772,NA,BDJ,NA,NA,"Ecology,Ecology, Evolution, Behavior and Systematics"
NA,2023-01-22,2023-01-25,NA,10.1101/2023.01.20.524943,2023-01-25,NA,2023-01-21,Cold Spring Harbor Laboratory,Crossref,Mitochondrial Genome Analysis and Phylogeny and Divergence Time Evaluation of the<i>Strix aluco</i>,posted-content,http://dx.doi.org/10.1101/2023.01.20.524943,NA,NA,NA,NA,NA
Ibis,2008-04-03,2021-07-07,NA,10.1111/j.1474-919x.1978.tb06775.x,2022-10-18,0019-1019,2008-06-28,Wiley,Crossref,SEXUAL DIMORPHISM IN RELATION TO WINTER FORAGING AND TERRITORIAL BEHAVIOUR OF THE THREE-TOED WOODPECKER PICOIDES TRIDACTYLUS AND THREE DENDROCOPOS SPECIES,journal-article,http://dx.doi.org/10.1111/j.1474-919x.1978.tb06775.x,en,NA,2,198-203,"Animal Science and Zoology,Ecology, Evolution, Behavior and Systematics"
Chinese Birds,2013-04-15,2013-04-15,2013-03-20,10.5122/cbirds.2013.0008,2023-01-03,1674-7674,2013-03-20,Chinese Birds (Press),Crossref,"Patterns of host use by a precocial obligate brood parasite, the Black-headed Duck: ecological and evolutionary considerations",journal-article,http://dx.doi.org/10.5122/cbirds.2013.0008,NA,Chinese Birds,1,71-85,"Plant Science,Forestry"
Forest Ecology and Management,2004-12-16,2020-04-04,2005-02,10.1016/j.foreco.2004.10.054,2023-02-11,0378-1127,2005-02,Elsevier BV,Crossref,Regulation of spruce bark beetles by woodpeckers—a literature review,journal-article,http://dx.doi.org/10.1016/j.foreco.2004.10.054,en,Forest Ecology and Management,1-3,1-14,"Management, Monitoring, Policy and Law,Nature and Landscape Conservation,Forestry"
Waterbirds,2007-11-12,2011-03-01,2007-09,10.1675/1524-4695(2007)030[0412:ldaaco]2.0.co;2,2022-04-02,"1524-4695,1938-5390",2007-09,Waterbird Society,Crossref,"Local Distribution, Abundance and Conservation of Black-Headed Duck in the Mediterranean Wetlands of Chile",journal-article,http://dx.doi.org/10.1675/1524-4695(2007)030[0412:ldaaco]2.0.co;2,en,Waterbirds,3,412-416,Animal Science and Zoology
Journal of Experimental Biology,2009-01-30,2021-04-25,2009-02-15,10.1242/jeb.025262,2022-03-30,"1477-9145,0022-0949",2009-02-15,The Company of Biologists,Crossref,Physiological variation in amethyst sunbirds (<i>Chalcomitra amethystina</i>) over an altitudinal gradient in winter,journal-article,http://dx.doi.org/10.1242/jeb.025262,en,NA,4,483-493,"Insect Science,Molecular Biology,Animal Science and Zoology,Aquatic Science,Physiology,Ecology, Evolution, Behavior and Systematics"
Biological Conservation,2006-02-01,2019-04-16,2006-06,10.1016/j.biocon.2005.12.008,2023-02-11,0006-3207,2006-06,Elsevier BV,Crossref,Indicator species among resident forest birds – A cross-regional evaluation in northern Europe,journal-article,http://dx.doi.org/10.1016/j.biocon.2005.12.008,en,Biological Conservation,1,134-147,"Nature and Landscape Conservation,Ecology, Evolution, Behavior and Systematics"
Conservation Biology,2009-09-24,2021-07-05,2001-02,10.1111/j.1523-1739.2001.99236.x,2023-02-11,"0888-8892,1523-1739",2001-02,Wiley,Crossref,Woodpeckers as Indicators of Forest Bird Diversity,journal-article,http://dx.doi.org/10.1111/j.1523-1739.2001.99236.x,en,Conservation Biology,1,208-217,"Nature and Landscape Conservation,Ecology,Ecology, Evolution, Behavior and Systematics"
Silva Fennica,2014-10-01,2021-11-09,NA,10.14214/sf.563,2023-02-09,2242-4075,2002,Finnish Society of Forest Science,Crossref,Spatial ecology of the three-toed woodpecker in managed forest landscapes,journal-article,http://dx.doi.org/10.14214/sf.563,NA,Silva Fenn.,1,NA,"Ecological Modeling,Forestry"
The Journal of Wildlife Management,2007-03-23,2018-04-17,2002-01,10.2307/3802888,2023-02-09,0022-541X,2002-01,JSTOR,Crossref,Foraging Ecology and Use of Drumming Trees by Three-Toed Woodpeckers,journal-article,http://dx.doi.org/10.2307/3802888,NA,The Journal of Wildlife Management,1,222,"Nature and Landscape Conservation,Ecology,Ecology, Evolution, Behavior and Systematics,Nature and Landscape Conservation,Ecology,Ecology, Evolution, Behavior and Systematics"
Journal of Thermal Biology,2009-02-08,2019-05-17,2009-05,10.1016/j.jtherbio.2009.01.007,2022-03-30,0306-4565,2009-05,Elsevier BV,Crossref,Physiological variation in Amethyst Sunbirds (Chalcomitra amethystina) over an altitudinal gradient in summer,journal-article,http://dx.doi.org/10.1016/j.jtherbio.2009.01.007,en,Journal of Thermal Biology,4,190-199,"Developmental Biology,General Agricultural and Biological Sciences,Biochemistry,Physiology"
Ecological Modelling,2006-03-30,2019-04-17,2006-07,10.1016/j.ecolmodel.2006.02.017,2023-02-07,0304-3800,2006-07,Elsevier BV,Crossref,Habitat quality assessment using Weights-of-Evidence based GIS modelling: The case of Picoides tridactylus as species indicator of the biodiversity value of the Finnish forest,journal-article,http://dx.doi.org/10.1016/j.ecolmodel.2006.02.017,en,Ecological Modelling,1-2,62-76,Ecological Modeling
Biological Conservation,2003-07-16,2019-02-07,2004-04,10.1016/s0006-3207(03)00203-9,2022-03-31,0006-3207,2004-04,Elsevier BV,Crossref,Habitat use of the three-toed woodpecker in central Europe during the breeding period,journal-article,http://dx.doi.org/10.1016/s0006-3207(03)00203-9,en,Biological Conservation,3,333-341,"Nature and Landscape Conservation,Ecology, Evolution, Behavior and Systematics"
Journal of Wildlife Management,2005-09-28,2019-03-18,2004-07,10.2193/0022-541x(2004)068[0683:cdoaay]2.0.co;2,2023-01-13,"0022-541X,1937-2817",2004-07,Wiley,Crossref,COMPARATIVE DIETS OF ADULT AND YOUNG THREE-TOED WOODPECKERS IN A EUROPEAN ALPINE FOREST COMMUNITY,journal-article,http://dx.doi.org/10.2193/0022-541x(2004)068[0683:cdoaay]2.0.co;2,en,Journal of Wildlife Management,3,683-693,"Nature and Landscape Conservation,Ecology,Ecology, Evolution, Behavior and Systematics,Nature and Landscape Conservation,Ecology,Ecology, Evolution, Behavior and Systematics"
Behavioral Ecology,2013-12-19,2017-08-22,2014,10.1093/beheco/art115,2023-01-11,"1465-7279,1045-2249",2013-12-19,Oxford University Press (OUP),Crossref,Sunbirds increase foraging success by using color as a cue for nectar quality,journal-article,http://dx.doi.org/10.1093/beheco/art115,en,NA,2,328-334,"Animal Science and Zoology,Ecology, Evolution, Behavior and Systematics"
The Auk,2006-07-12,2019-02-28,2004,10.1642/0004-8038(2004)121[0058:sboetw]2.0.co;2,2022-04-06,0004-8038,2004,Oxford University Press (OUP),Crossref,SPACING BEHAVIOR OF EURASIAN THREE-TOED WOODPECKERS (PICOIDES TRIDACTYLUS) DURING THE BREEDING SEASON IN GERMANY,journal-article,http://dx.doi.org/10.1642/0004-8038(2004)121[0058:sboetw]2.0.co;2,en,Auk,1,58,"Animal Science and Zoology,Ecology, Evolution, Behavior and Systematics"
Comparative Biochemistry and Physiology Part A: Molecular &amp; Integrative Physiology,2013-10-02,2018-10-12,2014-01,10.1016/j.cbpa.2013.09.017,2022-08-08,1095-6433,2014-01,Elsevier BV,Crossref,Does sugar content matter? Blood plasma glucose levels in an occasional and a specialist avian nectarivore,journal-article,http://dx.doi.org/10.1016/j.cbpa.2013.09.017,en,Comparative Biochemistry and Physiology Part A: Molecular &amp; Integrative Physiology,NA,40-44,"Molecular Biology,Physiology,Biochemistry"
Comparative Biochemistry and Physiology Part A: Molecular &amp; Integrative Physiology,2009-01-23,2019-05-01,2009-04,10.1016/j.cbpa.2009.01.009,2022-03-29,1095-6433,2009-04,Elsevier BV,Crossref,RETRACTED: Physiological variation in Amethyst Sunbirds (Chalcomitra amethystina) over an altitudinal gradient: A seasonal comparison,journal-article,http://dx.doi.org/10.1016/j.cbpa.2009.01.009,en,Comparative Biochemistry and Physiology Part A: Molecular &amp; Integrative Physiology,4,593-598,"Molecular Biology,Physiology,Biochemistry"
Biotropica,2014-04-15,2022-04-01,2014-05,10.1111/btp.12112,2022-12-11,0006-3606,2014-04-14,Wiley,Crossref,Asymmetrical Dependence Between a Neotropical Mistletoe and its Avian Seed Disperser,journal-article,http://dx.doi.org/10.1111/btp.12112,en,Biotropica,3,285-293,"Ecology, Evolution, Behavior and Systematics"
Neotropical Biology and Conservation,2009-05-18,2019-03-28,2009-05-07,10.4013/nbc.2009.41.01,2023-01-09,1809-9939,2009-05-07,Pensoft Publishers,Crossref,Biologia reprodutiva de Elaenia cristata (Aves: Tyrannidae) em cerrado do Brasil central,journal-article,http://dx.doi.org/10.4013/nbc.2009.41.01,NA,NBC,1,2-12,Nature and Landscape Conservation
Australian Journal of Botany,2010-02-08,2018-11-22,2009,10.1071/bt09013,2022-06-29,0067-1924,2009,CSIRO Publishing,Crossref,Consistency in seed-deposition patterns and the distribution of mistletoes among its host trees in an Amazonian savanna,journal-article,http://dx.doi.org/10.1071/bt09013,en,Aust. J. Bot.,8,640,"Plant Science,Ecology, Evolution, Behavior and Systematics"
Gaia Scientia,2018-05-03,2018-08-02,NA,10.21707/gs.v10.n04a20,2022-04-02,1981-1268,2016,Portal de Periodicos UFPB,Crossref,"Biologia reprodutiva, visitantes florais e dispersão de Ocotea duckei Vattimo-Gil (Lauraceae) na Reserva Biológica Guaribas, Paraíba, Brasil",journal-article,http://dx.doi.org/10.21707/gs.v10.n04a20,NA,Gaia Sci.,4,252-261,General Medicine
Behaviour,2005-10-06,2021-09-14,2005,10.1163/156853905774405281,2022-05-21,"0005-7959,1568-539X",2005,Brill,Crossref,Monogamy with exceptions: Social and genetic mating system in a bird species with high paternal investment,journal-article,http://dx.doi.org/10.1163/156853905774405281,NA,Behav,8,1093-1114,"Behavioral Neuroscience,Animal Science and Zoology"
Schweizerische Zeitschrift fur Forstwesen,2007-06-14,2020-09-01,2000-08-01,10.3188/szf.2000.0282,2022-06-22,"0036-7818,2235-1469",2000-08-01,Swiss Forestry Society,Crossref,Le Pic tridactyle (Picoides tridactylus): un indicateur de la qualité écologique de l'écosystème forestier du Pays-d'Enhaut (Préalpes suisses) | The Three-Toed Woodpecker (Picoides tridactylus): An Indicator of Ecological Quality in the Forest Ecosystem of the Pays-d'Enhaut Region (Swiss Prealps),journal-article,http://dx.doi.org/10.3188/szf.2000.0282,en,NA,8,282-289,Forestry
The Condor,2019-09-06,2021-01-18,2002-02-01,10.1093/condor/104.1.167,2022-12-17,"0010-5422,1938-5129",2002-02-01,Oxford University Press (OUP),Crossref,Holarctic Phylogeography and Species Limits of Three-Toed Woodpeckers,journal-article,http://dx.doi.org/10.1093/condor/104.1.167,en,NA,1,167-170,"Animal Science and Zoology,Ecology, Evolution, Behavior and Systematics"
Western Birds,2023-02-03,2023-02-03,2023-02-01,10.21199/wb54.1.1,2023-02-04,0045-3897,2023-02-01,Western Field Ornithologists,Crossref,"Effectiveness of Public–Private Efforts to Conserve Tricolored Blackbird Colonies on Agricultural Lands in the San Joaquin Valley, California",journal-article,http://dx.doi.org/10.21199/wb54.1.1,NA,WBirds,1,2-18,"Pulmonary and Respiratory Medicine,Pediatrics, Perinatology and Child Health"
Western Birds,2023-02-03,2023-02-03,2023-02-01,10.21199/wb54.1.2,2023-02-04,0045-3897,2023-02-01,Western Field Ornithologists,Crossref,"Foraging Habitat and Its Effects on the Tricolored Blackbird’s Breeding Distribution and Abundance in the Sierra Nevada Foothills, California",journal-article,http://dx.doi.org/10.21199/wb54.1.2,NA,WBirds,1,19-31,"Pulmonary and Respiratory Medicine,Pediatrics, Perinatology and Child Health"
Ornitología Neotropical,2023-02-09,2023-02-09,NA,10.58843/ornneo.v33i1.999,2023-02-10,"1075-4377,1075-4377",2022-02-09,Neotropical Ornithological Society,Crossref,"BIOLOGY OF TUMBESIAN TERRESTRIAL BIRDS,  WITH COMMENTS ON REGIONAL AVIAN CONSERVATION",journal-article,http://dx.doi.org/10.58843/ornneo.v33i1.999,NA,Ornitol. Neotrop.,1,13-20,NA
Therya,2013-05-06,2013-05-06,NA,10.12933/therya-11-49,2022-10-23,2007-3364,2011-12-30,Asociacion Mexicana de Mastozoologia,Crossref,"Impacto de la ganadería extensiva y cacería de subsistencia sobre la abundancia relativa de mamíferos en la Selva Zoque, Oaxaca, México",journal-article,http://dx.doi.org/10.12933/therya-11-49,NA,Therya,3,217-244,Animal Science and Zoology
Huitzil Revista Mexicana de Ornitología,2022-09-29,2022-09-29,NA,10.28947/hrmo.2008.9.2.77,2022-09-30,1870-7459,2022-09-29,Sociedad para el Estudio y Conservacion de las Aves en Mexico A.C.,Crossref,Primer reporte de nidos depredados por la chachalaca vetula (Ortalis vetula),journal-article,http://dx.doi.org/10.28947/hrmo.2008.9.2.77,NA,Huitzil Rev. Mex. Ornitol.,2,32-34,"Energy Engineering and Power Technology,Fuel Technology"
Historical Biology,2014-09-29,2019-08-15,2016-04-02,10.1080/08912963.2014.954569,2022-04-06,"0891-2963,1029-2381",2014-09-29,Informa UK Limited,Crossref,Digital reconstruction of Rodrigues Solitaire (<i>Pezophaps solitaria</i>) (Aves: Columbidae) physical appearance based on early descriptive observation and other evidence,journal-article,http://dx.doi.org/10.1080/08912963.2014.954569,en,Historical Biology,3,398-414,General Agricultural and Biological Sciences
CRC Handbook of Census Methods for Terrestrial Vertebrates,2021-04-29,2021-05-19,2021-05-19,10.1201/9781003210320-25,2022-03-29,NA,2021-05-19,CRC Press,Crossref,Plain Chachalaca,book-chapter,http://dx.doi.org/10.1201/9781003210320-25,NA,NA,NA,57-58,NA
The American Naturalist,2002-07-26,2018-04-07,1998-05,10.1086/286128,2023-02-05,"0003-0147,1537-5323",1998-05,University of Chicago Press,Crossref,"Cooperation, Conflict, and Crèching Behavior in Goldeneye Ducks",journal-article,http://dx.doi.org/10.1086/286128,en,The American Naturalist,5,397-408,"Ecology, Evolution, Behavior and Systematics"
Molecular Ecology,2009-05-20,2021-10-06,2009-06,10.1111/j.1365-294x.2009.04223.x,2022-07-20,"0962-1083,1365-294X",2009-06,Wiley,Crossref,Relatedness and spatial proximity as determinants of host-parasite interactions in the brood parasitic Barrow's goldeneye (<i>Bucephala islandica</i>),journal-article,http://dx.doi.org/10.1111/j.1365-294x.2009.04223.x,en,NA,12,2713-2721,"Genetics,Ecology, Evolution, Behavior and Systematics"
"Brain, Behavior and Evolution",2003-04-15,2022-06-15,2000,10.1159/000006680,2023-01-30,"0006-8977,1421-9743",2000,S. Karger AG,Crossref,Exploitation of an Ancient Escape Circuit by an Avian Predator: Prey Sensitivity to Model Predator Display in the Field,journal-article,http://dx.doi.org/10.1159/000006680,en,Brain Behav Evol,2,94-106,"Behavioral Neuroscience,Developmental Neuroscience"
Waterbirds,2006-07-21,2019-04-20,2006-03,10.1675/1524-4695(2006)29[115:eobrof]2.0.co;2,2023-01-26,"1524-4695,1938-5390",2006-03,Waterbird Society,Crossref,Effects of Backpack Radio-Transmitters on Female Barrow’s Goldeneyes,journal-article,http://dx.doi.org/10.1675/1524-4695(2006)29[115:eobrof]2.0.co;2,en,Waterbirds,1,115-120,Animal Science and Zoology
Annales Zoologici Fennici,2012-10-19,2017-06-21,2009-10,10.5735/086.046.0502,2022-04-03,"0003-455X,1797-2450",2009-10,Finnish Zoological and Botanical Publishing Board,Crossref,"Clutch Desertion in Barrow's Goldeneyes (<i>Bucephala islandica</i>) — Effects of Non-Natal Eggs, the Environment and Host Female Characteristics",journal-article,http://dx.doi.org/10.5735/086.046.0502,en,Annales Zoologici Fennici,5,350-360,"Nature and Landscape Conservation,Animal Science and Zoology,Ecology,Ecology, Evolution, Behavior and Systematics"
Behavioral Ecology,2002-07-26,2017-08-22,1999-01-01,10.1093/beheco/10.1.7,2022-12-07,1465-7279,1999-01-01,Oxford University Press (OUP),Crossref,A rare predator exploits prey escape behavior: the role of tail-fanning and plumage contrast in foraging of the painted redstart (Myioborus pictus),journal-article,http://dx.doi.org/10.1093/beheco/10.1.7,NA,NA,1,7-14,"Animal Science and Zoology,Ecology, Evolution, Behavior and Systematics"
Journal of Wildlife Management,2006-04-04,2019-03-23,2005-07,10.2193/0022-541x(2005)069[1221:tnatri]2.0.co;2,2023-01-14,"0022-541X,1937-2817",2005-07,Wiley,Crossref,TRACING NUTRIENT ALLOCATION TO REPRODUCTION IN BARROW'S GOLDENEYE,journal-article,http://dx.doi.org/10.2193/0022-541x(2005)069[1221:tnatri]2.0.co;2,en,Journal of Wildlife Management,3,1221-1228,"Nature and Landscape Conservation,Ecology,Ecology, Evolution, Behavior and Systematics,Nature and Landscape Conservation,Ecology,Ecology, Evolution, Behavior and Systematics"
"Brain, Behavior and Evolution",2003-04-15,2022-06-15,2001,10.1159/000057565,2023-02-05,"0006-8977,1421-9743",2001,S. Karger AG,Crossref,Exploitation of an Ancient Escape Circuit by an Avian Predator: Relationships between Taxon-Specific Prey Escape Circuits and the Sensitivity to Visual Cues from the Predator,journal-article,http://dx.doi.org/10.1159/000057565,en,Brain Behav Evol,4,218-240,"Behavioral Neuroscience,Developmental Neuroscience"
Proceedings of the Royal Society of London. Series B: Biological Sciences,2002-07-26,2019-07-18,2001-05-22,10.1098/rspb.2001.1623,2022-11-25,"0962-8452,1471-2954",2001-05-22,The Royal Society,Crossref,Sensory exploitation of prey: manipulation of the initial direction of prey escapes by a conspicuous 'rare enemy',journal-article,http://dx.doi.org/10.1098/rspb.2001.1623,en,Proc. R. Soc. Lond. B,1471,1017-1022,"General Agricultural and Biological Sciences,General Environmental Science,General Immunology and Microbiology,General Biochemistry, Genetics and Molecular Biology,General Medicine"
The Wilson Bulletin,2006-07-18,2011-03-16,2000-03,10.1676/0043-5643(2000)112[0001:tbrotb]2.0.co;2,2022-03-30,0043-5643,2000-03,Wilson Ornithological Society,Crossref,THE BREEDING RANGE OF THE BARROW'S GOLDENEYE IN EASTERN NORTH AMERICA,journal-article,http://dx.doi.org/10.1676/0043-5643(2000)112[0001:tbrotb]2.0.co;2,en,The Wilson Bulletin,1,1-7,Animal Science and Zoology
The Auk,2006-07-12,2019-01-11,2002,10.1642/0004-8038(2002)119[0676:rabmaw]2.0.co;2,2023-01-16,0004-8038,2002,American Ornithologists' Union,Crossref,"RELATIONSHIP AMONG BREEDING, MOLTING, AND WINTERING AREAS OF MALE BARROW'S GOLDENEYES (BUCEPHALA ISLANDICA) IN EASTERN NORTH AMERICA",journal-article,http://dx.doi.org/10.1642/0004-8038(2002)119[0676:rabmaw]2.0.co;2,en,Auk,3,676,"Animal Science and Zoology,Ecology, Evolution, Behavior and Systematics"
Molecular Ecology Resources,2009-02-12,2021-07-06,2009-05,10.1111/j.1755-0998.2008.02225.x,2022-03-29,"1755-098X,1755-0998",2009-05,Wiley,Crossref,Isolation and characterization of 22 polymorphic microsatellite loci for the Barrow's goldeneye (<i>Bucephala islandica</i>),journal-article,http://dx.doi.org/10.1111/j.1755-0998.2008.02225.x,en,NA,3,806-808,"Genetics,Ecology, Evolution, Behavior and Systematics,Biotechnology"
The Journal of Wildlife Management,2013-01-15,2021-07-05,2013-05,10.1002/jwmg.507,2022-04-02,0022-541X,2013-01-15,Wiley,Crossref,Survival of Barrow's goldeneyes during remigial molt and fall staging,journal-article,http://dx.doi.org/10.1002/jwmg.507,en,The Journal of Wildlife Management,4,701-706,"Nature and Landscape Conservation,Ecology,Ecology, Evolution, Behavior and Systematics,Nature and Landscape Conservation,Ecology,Ecology, Evolution, Behavior and Systematics"
Molecular Ecology,2011-09-16,2021-12-05,2011-12,10.1111/j.1365-294x.2011.05281.x,2022-07-20,0962-1083,2011-09-16,Wiley,Crossref,Differential responses to related hosts by nesting and non-nesting parasites in a brood-parasitic duck,journal-article,http://dx.doi.org/10.1111/j.1365-294x.2011.05281.x,en,NA,24,5328-5336,"Genetics,Ecology, Evolution, Behavior and Systematics"
Waterbirds: The International Journal of Waterbird Biology,2006-05-07,2018-04-18,2000,10.2307/1522179,2022-10-15,1524-4695,2000,JSTOR,Crossref,"Densities of Barrow's Goldeneyes during Winter in Prince William Sound, Alaska in Relation to Habitat, Food and History of Oil Contamination",journal-article,http://dx.doi.org/10.2307/1522179,NA,Waterbirds: The International Journal of Waterbird Biology,3,423,Animal Science and Zoology
The Wilson Journal of Ornithology,2008-05-21,2019-05-11,2008-06,10.1676/07-009.1,2022-04-03,"1559-4491,1938-5447",2008-06,Wilson Ornithological Society,Crossref,Habitat Features Associated With Barrow's Goldeneye Breeding In Eastern Canada,journal-article,http://dx.doi.org/10.1676/07-009.1,en,The Wilson Journal of Ornithology,2,320-330,"Animal Science and Zoology,Ecology,Ecology, Evolution, Behavior and Systematics"
Behavioral Ecology,2006-08-23,2021-07-31,2006-11,10.1093/beheco/arl039,2022-12-07,"1465-7279,1045-2249",2006-08-22,Oxford University Press (OUP),Crossref,Innate plasticity of a predatory behavior: nonlearned context dependence of avian flush-displays,journal-article,http://dx.doi.org/10.1093/beheco/arl039,en,NA,6,925-932,"Animal Science and Zoology,Ecology, Evolution, Behavior and Systematics"
Waterbirds,2011-10-21,2019-06-18,2011-09,10.1675/063.034.0301,2022-03-29,"1524-4695,1938-5390",2011-09,Waterbird Society,Crossref,Discovery of Important Postbreeding Sites for Barrow's Goldeneye in the Boreal Transition Zone of Alberta,journal-article,http://dx.doi.org/10.1675/063.034.0301,en,Waterbirds,3,261-388,Animal Science and Zoology
Canadian Journal of Zoology,2009-04-14,2021-10-04,2009-04,10.1139/z09-018,2022-03-31,"0008-4301,1480-3283",2009-04,Canadian Science Publishing,Crossref,"Apparent survival, natal philopatry, and recruitment of Barrow’s goldeneyes (Bucephala islandica) in the Cariboo–Chilcotin region of British Columbia, Canada",journal-article,http://dx.doi.org/10.1139/z09-018,en,Can. J. Zool.,4,337-345,"Animal Science and Zoology,Ecology, Evolution, Behavior and Systematics"
The Condor,2019-09-06,2019-09-06,2000-02-01,10.1093/condor/102.1.228,2022-03-31,"0010-5422,1938-5129",2000-02-01,Oxford University Press (OUP),Crossref,Body Weight and Feather Growth of Male Barrow's Goldeneye During Wing Molt,journal-article,http://dx.doi.org/10.1093/condor/102.1.228,en,NA,1,228-231,"Animal Science and Zoology,Ecology, Evolution, Behavior and Systematics"
Waterbirds,2014-02-20,2019-08-07,2013-03,10.1675/063.036.0107,2022-04-04,"1524-4695,1938-5390",2013-03,Waterbird Society,Crossref,"Relationships among Breeding, Molting and Wintering Areas of Adult Female Barrow's Goldeneyes (<i>Bucephala islandica</i>) in Eastern North America",journal-article,http://dx.doi.org/10.1675/063.036.0107,en,Waterbirds,1,34-42,Animal Science and Zoology
The Auk,2013-06-04,2022-02-24,2013-04,10.1525/auk.2013.12048,2022-04-02,"0004-8038,1938-4254",2013-04,Oxford University Press (OUP),Crossref,Variation in body mass and foraging effort of Barrow’s Goldeneyes (<i>Bucephala islandica</i>) during remigial molt,journal-article,http://dx.doi.org/10.1525/auk.2013.12048,en,The Auk,2,313-322,"Animal Science and Zoology,Ecology, Evolution, Behavior and Systematics"
Avian Conservation and Ecology,2017-01-11,2017-01-11,NA,10.5751/ace-00295-040106,2022-04-20,1712-6568,2009,"Resilience Alliance, Inc.",Crossref,"Origin and Availability of Large Cavities for Barrow&amp;#8217;s Goldeneye (Bucephala islandica), a Species at Risk Inhabiting the Eastern Canadian Boreal Forest",journal-article,http://dx.doi.org/10.5751/ace-00295-040106,en,ACE,1,NA,"Nature and Landscape Conservation,Animal Science and Zoology,Ecology,Ecology, Evolution, Behavior and Systematics"
Ethology,2012-12-14,2021-07-04,2013-02,10.1111/eth.12048,2023-01-26,0179-1613,2012-12-13,Wiley,Crossref,Facultative Sex Allocation and Sex-Specific Offspring Survival in Barrow's Goldeneyes,journal-article,http://dx.doi.org/10.1111/eth.12048,en,Ethology,2,146-155,"Animal Science and Zoology,Ecology, Evolution, Behavior and Systematics"
Behaviour,2006-02-19,2021-09-14,2006,10.1163/156853906775897860,2022-12-07,"0005-7959,1568-539X",2006,Brill,Crossref,"Effects of visual stimuli, substrate-borne vibrations and air current stimuli on escape reactions in insect prey of flush-pursuing birds and their implications for evolution of flush-pursuers",journal-article,http://dx.doi.org/10.1163/156853906775897860,NA,Behav,3,303-324,"Behavioral Neuroscience,Animal Science and Zoology"
Ethology,2005-03-29,2021-07-06,2005-04,10.1111/j.1439-0310.2004.01059.x,2022-04-12,"0179-1613,1439-0310",2005-04,Wiley,Crossref,Prey Escape Direction is Influenced by the Pivoting Displays of Flush-Pursuing Birds,journal-article,http://dx.doi.org/10.1111/j.1439-0310.2004.01059.x,en,Ethology,4,381-396,"Animal Science and Zoology,Ecology, Evolution, Behavior and Systematics"
The Auk,2019-09-06,2022-09-27,2002-10-01,10.1093/auk/119.4.1024,2022-09-28,"1938-4254,0004-8038",2002-10-01,Oxford University Press (OUP),Crossref,Scare Tactics in a Neotropical Warbler: White Tail Feathers Enhance Flush–Pursuit Foraging Performance in the Slate-Throated Redstart (Myioborus Miniatus),journal-article,http://dx.doi.org/10.1093/auk/119.4.1024,en,NA,4,1024-1035,"Animal Science and Zoology,Ecology, Evolution, Behavior and Systematics"
The Condor,2019-09-06,2021-01-18,2002-08-01,10.1093/condor/104.3.657,2022-12-07,"0010-5422,1938-5129",2002-08-01,Oxford University Press (OUP),Crossref,Searching for Conspicuous Versus Cryptic Prey: Search Rates of Flush-Pursuing Versus Substrate-Gleaning Birds,journal-article,http://dx.doi.org/10.1093/condor/104.3.657,en,NA,3,657-661,"Animal Science and Zoology,Ecology, Evolution, Behavior and Systematics"
NA,2006-11-02,2011-11-07,NA,10.1522/24733140,2022-03-31,NA,2006,Université du Québec à Chicoutimi,Crossref,Comparaison des communautés d'invertébrés entre des lacs avec et sans omble de fontaine (Salvelinus fontinalis) /,monograph,http://dx.doi.org/10.1522/24733140,NA,NA,NA,NA,NA
The Open Ornithology Journal,2018-04-11,2019-10-15,2018-03-30,10.2174/1874453201811010034,2022-04-02,1874-4532,2018-03-30,Bentham Science Publishers Ltd.,Crossref,Painted Redstarts (Myioborus Pictus) Attack Larger Prey when Using Flush-Pursue Strategy,journal-article,http://dx.doi.org/10.2174/1874453201811010034,en,TOOENIJ,1,34-38,Animal Science and Zoology
Ornitología Neotropical,2023-02-09,2023-02-09,NA,10.58843/ornneo.v33i1.965,2023-02-10,"1075-4377,1075-4377",2022-02-09,Neotropical Ornithological Society,Crossref,"DESCRIPCIÓN DEL NIDO Y HUEVOS DEL PICOGUADAÑA PIQUIPARDO (CAMPYLORHAMPHUS PUSILLUS) EN LA CORDILLERA DEL CÓNDOR, SURESTE DE ECUADOR",journal-article,http://dx.doi.org/10.58843/ornneo.v33i1.965,NA,Ornitol. Neotrop.,1,29-32,NA
Frontiers in Microbiology,2023-02-02,2023-02-02,NA,10.3389/fmicb.2022.1075041,2023-02-03,1664-302X,2023-02-02,Frontiers Media SA,Crossref,Analysis of microbial diversity in the feces of Arborophila rufipectus,journal-article,http://dx.doi.org/10.3389/fmicb.2022.1075041,NA,Front. Microbiol.,NA,NA,"Microbiology (medical),Microbiology"
Conservation Biology,2003-03-11,2021-02-09,1997-08-12,10.1046/j.1523-1739.1997.96063.x,2022-10-12,"0888-8892,1523-1739",1997-08-12,Wiley,Crossref,Nesting Success of a Disturbance-Dependent Songbird on Different Kinds of Edges. Exito de Nidacion de un Ave Paserina Dependiente de Disturbaciones en Diferentes Tipos de Bordes,journal-article,http://dx.doi.org/10.1046/j.1523-1739.1997.96063.x,en,Conservation Biology,4,928-935,"Nature and Landscape Conservation,Ecology,Ecology, Evolution, Behavior and Systematics"
The Condor,2013-12-10,2019-08-04,2013-11,10.1525/cond.2013.120175,2022-03-29,"0010-5422,1938-5129",2013-11,Oxford University Press (OUP),Crossref,Duration and Phenology of Remigial Molt of Barrow's Goldeneye,journal-article,http://dx.doi.org/10.1525/cond.2013.120175,en,The Condor,4,762-768,"Animal Science and Zoology,Ecology, Evolution, Behavior and Systematics"
PLOS ONE,2022-12-30,2022-12-30,NA,10.1371/journal.pone.0277820,2022-12-31,1932-6203,2022-12-30,Public Library of Science (PLoS),Crossref,Quantifying the relative contributions of habitat modification and mammalian predators on landscape-scale declines of a threatened river specialist duck,journal-article,http://dx.doi.org/10.1371/journal.pone.0277820,en,PLoS ONE,12,e0277820,Multidisciplinary
Journal of Wildlife Management,2007-08-07,2017-03-31,2007-08,10.2193/2006-070,2023-02-07,"0022-541X,1937-2817",2007-08,Wiley,Crossref,Short-Term Effects of Fire and Other Fuel Reduction Treatments on Breeding Birds in a Southern Appalachian Upland Hardwood Forest,journal-article,http://dx.doi.org/10.2193/2006-070,en,Journal of Wildlife Management,6,1906-1916,"Nature and Landscape Conservation,Ecology,Ecology, Evolution, Behavior and Systematics,Nature and Landscape Conservation,Ecology,Ecology, Evolution, Behavior and Systematics"
The Condor,2007-01-23,2019-04-23,1998-05,10.2307/1370273,2022-12-22,"0010-5422,1938-5129",1998-05,Oxford University Press (OUP),Crossref,Effects of Cowbird Parasitism on Parental Provisioning and Nestling Food Acquisition and Growth,journal-article,http://dx.doi.org/10.2307/1370273,NA,The Condor,2,326-334,"Animal Science and Zoology,Ecology, Evolution, Behavior and Systematics"
Zoology and Ecology,2022-12-22,2022-12-22,2022,10.35513/21658005.2022.2.2,2022-12-23,"2165-8013,2165-8005",2022,Nature Research Centre -NRC,Crossref,Urban landscapes are richer in bird species when compared to farming lands: evidence from Morocco (Northwest Africa),journal-article,http://dx.doi.org/10.35513/21658005.2022.2.2,NA,NA,NA,101-112,"Animal Science and Zoology,Ecology"
Microbial Science Archives,2023-01-06,2023-01-06,2022,10.47587/msa.2022.2401,2023-01-07,2583-1666,2022,Science Archives,Crossref,Spread of Trichomonas gallinae in species of birds in balad district with the effect of infection on histological picture,journal-article,http://dx.doi.org/10.47587/msa.2022.2401,NA,MSA,04,34-41,NA
Parasitology,2022-12-19,2023-02-03,2023-02,10.1017/s0031182022001652,2023-02-03,"0031-1820,1469-8161",2022-12-19,Cambridge University Press (CUP),Crossref,Evidence for strain-specific virulence of <i>Trichomonas gallinae</i> in African columbiformes,journal-article,http://dx.doi.org/10.1017/s0031182022001652,en,Parasitology,2,206-211,"Infectious Diseases,Animal Science and Zoology,Parasitology"
Science of The Total Environment,2023-01-11,2023-02-02,2023-04,10.1016/j.scitotenv.2022.161192,2023-02-03,0048-9697,2023-04,Elsevier BV,Crossref,"Age ratio, crippling losses and factors affecting daily hunting bags of European Turtle-dove in Spain: Implications for sustainable harvest management of a declining migratory species",journal-article,http://dx.doi.org/10.1016/j.scitotenv.2022.161192,en,Science of The Total Environment,NA,161192,"Pollution,Waste Management and Disposal,Environmental Chemistry,Environmental Engineering"
Acta Ornithologica,2014-02-22,2019-08-07,2013-06,10.3161/000164513x678801,2022-12-16,"0001-6454,1734-8471",2013-06,Museum and Institute of Zoology at the Polish Academy of Sciences,Crossref,"Survival of a Mountaintop Hummingbird, the Hyacinth Visorbearer<i>Augastes scutatus</i>, in Southeastern Brazil",journal-article,http://dx.doi.org/10.3161/000164513x678801,en,Acta Ornithologica,2,211-219,Animal Science and Zoology
The Wilson Journal of Ornithology,2011-12-03,2019-06-20,2011-12,10.1676/11-042.1,2022-04-05,"1559-4491,1938-5447",2011-12,Wilson Ornithological Society,Crossref,"Size Dimorphism, Juvenal Plumage, and Timing of Breeding of the Hyacinth Visorbearer (Augastes scutatus)",journal-article,http://dx.doi.org/10.1676/11-042.1,en,The Wilson Journal of Ornithology,4,726-733,"Animal Science and Zoology,Ecology,Ecology, Evolution, Behavior and Systematics"
Waterbirds,2023-02-08,2023-02-08,2023-02-08,10.1675/063.045.0206,2023-02-09,1524-4695,2023-02-08,Waterbird Society,Crossref,eDNA Metabarcoding Analyses of Diet in Yellow-Billed Loons of Northern Alaska,journal-article,http://dx.doi.org/10.1675/063.045.0206,NA,Waterbirds,2,NA,Animal Science and Zoology
"Ecophysiology of Desert Birds,Adaptations of Desert Organisms",2013-11-29,2013-11-29,1996,10.1007/978-3-642-60981-7_3,2022-03-31,1430-9432,1996,Springer Berlin Heidelberg,Crossref,Food and Energy,book-chapter,http://dx.doi.org/10.1007/978-3-642-60981-7_3,NA,NA,NA,21-34,NA
Canadian Journal of Forest Research,2009-12-23,2020-01-06,2009-12,10.1139/x09-138,2022-03-29,"0045-5067,1208-6037",2009-12,Canadian Science Publishing,Crossref,Characteristics and densities of Williamson’s Sapsucker  nest trees in British Columbia,journal-article,http://dx.doi.org/10.1139/x09-138,en,Can. J. For. Res.,12,2319-2331,"Ecology,Forestry,Global and Planetary Change"
The Condor,2018-08-01,2019-10-21,2018-08,10.1650/condor-17-238.1,2023-02-09,"0010-5422,1938-5129",2018-08,Oxford University Press (OUP),Crossref,Foraging ecology of the Williamson's Sapsucker: Implications for forest management,journal-article,http://dx.doi.org/10.1650/condor-17-238.1,en,The Condor,3,680-702,"Animal Science and Zoology,Ecology, Evolution, Behavior and Systematics"
Canadian Journal of Forest Research,2014-03-04,2020-08-16,2014-06,10.1139/cjfr-2013-0380,2022-04-02,"0045-5067,1208-6037",2014-06,Canadian Science Publishing,Crossref,Dietary dependence of Williamson’s Sapsucker nestlings on ants associated with dead and decaying wood in British Columbia,journal-article,http://dx.doi.org/10.1139/cjfr-2013-0380,en,Can. J. For. Res.,6,628-637,"Ecology,Forestry,Global and Planetary Change"
PLOS ONE,2015-07-15,2019-08-28,NA,10.1371/journal.pone.0130849,2022-04-02,1932-6203,2015-07-15,Public Library of Science (PLoS),Crossref,Using Field Data and GIS-Derived Variables to Model Occurrence of Williamson’s Sapsucker Nesting Habitat at Multiple Spatial Scales,journal-article,http://dx.doi.org/10.1371/journal.pone.0130849,en,PLoS ONE,7,e0130849,Multidisciplinary
Journal of Field Ornithology,2009-11-25,2022-02-21,2009-12,10.1111/j.1557-9263.2009.00238.x,2022-09-15,"0273-8570,1557-9263",2009-12,"Resilience Alliance, Inc.",Crossref,Birds and army ants in a fragment of the Atlantic Forest of Brazil,journal-article,http://dx.doi.org/10.1111/j.1557-9263.2009.00238.x,en,NA,4,328-335,"Ecology, Evolution, Behavior and Systematics"
CABI Compendium,2022-11-24,2022-11-24,2022-01-07,10.1079/cabicompendium.73334,2022-11-25,2958-3969,2022-01-07,CABI Publishing,Crossref,Mimus trifasciatus (Floreana mockingbird),journal-article,http://dx.doi.org/10.1079/cabicompendium.73334,en,CABI Compendium,NA,NA,NA
International Journal of Zoology and Animal Biology,2023-02-08,2023-02-08,NA,10.23880/izab-16000s1-006,2023-02-09,2639-216X,2022,Medwin Publishers,Crossref,First Record of Hooded Wheatear Oenanthe monacha in Lebanon 2021,journal-article,http://dx.doi.org/10.23880/izab-16000s1-006,NA,IZAB,S1,1-3,General Medicine
Botanica Pacifica,2022-10-18,2022-10-18,2022,10.17581/bp.2022.11209,2022-10-19,"2226-4701,2410-3713",2022,Botanical Garden - Institute of the Far Eastern Branch of the RAS,Crossref,New and rare species of jelly cyanolichens for Asia and the Russian Far East,journal-article,http://dx.doi.org/10.17581/bp.2022.11209,NA,Bot Pac,NA,NA,"Plant Science,Ecology,Ecology, Evolution, Behavior and Systematics"
Agroecological journal,2022-12-29,2022-12-29,NA,10.33730/2077-4893.2.2022.263319,2022-12-30,"2077-4915,2077-4893",2022-09-14,Institute of Agroecology and Environmental Management NAAN,Crossref,Economic and biological classification of subtropic fruit crops collection in Khorol botanical garden,journal-article,http://dx.doi.org/10.33730/2077-4893.2.2022.263319,NA,agro,2,64-73,Pollution
Frontiers in Marine Science,2022-12-16,2022-12-16,NA,10.3389/fmars.2022.893260,2022-12-17,2296-7745,2022-12-16,Frontiers Media SA,Crossref,Assessing the effects of no-take zones in a marine protected area spanning two ecoregions and rock substrate types,journal-article,http://dx.doi.org/10.3389/fmars.2022.893260,NA,Front. Mar. Sci.,NA,NA,"Ocean Engineering,Water Science and Technology,Aquatic Science,Global and Planetary Change,Oceanography"
CABI Compendium,2022-11-24,2022-11-24,2022-01-07,10.1079/cabicompendium.83611,2022-11-25,2958-3969,2022-01-07,CABI Publishing,Crossref,Emberiza hortulana,journal-article,http://dx.doi.org/10.1079/cabicompendium.83611,en,CABI Compendium,NA,NA,NA
Huitzil Revista Mexicana de Ornitología,2022-10-10,2022-10-10,NA,10.28947/hrmo.2021.22.2.544,2022-10-10,1870-7459,2022-02-09,Sociedad para el Estudio y Conservacion de las Aves en Mexico A.C.,Crossref,"Anotaciones sobre el nido del chipe de cabeza rosada (Cardellina versicolor), con observaciones de comportamiento parental",journal-article,http://dx.doi.org/10.28947/hrmo.2021.22.2.544,NA,Huitzil Rev. Mex. Ornitol.,2,e621,"Energy Engineering and Power Technology,Fuel Technology"
The Journal of the Acoustical Society of America,2002-07-26,2016-12-25,1998-04,10.1121/1.421364,2023-02-12,0001-4966,1998-04,Acoustical Society of America (ASA),Crossref,Automated recognition of bird song elements from continuous recordings using dynamic time warping and hidden Markov models: A comparative study,journal-article,http://dx.doi.org/10.1121/1.421364,en,The Journal of the Acoustical Society of America,4,2185-2196,"Acoustics and Ultrasonics,Arts and Humanities (miscellaneous)"
The Journal of the Acoustical Society of America,2005-10-17,2016-12-29,1996-08,10.1121/1.415968,2023-02-12,0001-4966,1996-08,Acoustical Society of America (ASA),Crossref,Template‐based automatic recognition of birdsong syllables from continuous recordings,journal-article,http://dx.doi.org/10.1121/1.415968,en,The Journal of the Acoustical Society of America,2,1209-1219,"Acoustics and Ultrasonics,Arts and Humanities (miscellaneous)"
Ecology,2007-06-04,2019-04-28,2005-06,10.1890/04-0913,2022-10-12,0012-9658,2005-06,Wiley,Crossref,THE EFFECTS OF PATCH SHAPE ON INDIGO BUNTINGS: EVIDENCE FOR AN ECOLOGICAL TRAP,journal-article,http://dx.doi.org/10.1890/04-0913,en,Ecology,6,1422-1431,"Ecology, Evolution, Behavior and Systematics"
Ecology and Evolution,2014-03-31,2021-07-02,2014-05,10.1002/ece3.1049,2023-02-09,"2045-7758,2045-7758",2014-03-31,Wiley,Crossref,"Power lines, roads, and avian nest survival: effects on predator identity and predation intensity",journal-article,http://dx.doi.org/10.1002/ece3.1049,en,Ecol Evol,9,1589-1600,"Nature and Landscape Conservation,Ecology,Ecology, Evolution, Behavior and Systematics"
The Wilson Bulletin,2006-07-18,2019-04-20,2001-06,10.1676/0043-5643(2001)113[0243:spoibi]2.0.co;2,2022-03-30,0043-5643,2001-06,Wilson Ornithological Society,Crossref,Song Properties of Indigo Buntings in Open and Forested Habitats,journal-article,http://dx.doi.org/10.1676/0043-5643(2001)113[0243:spoibi]2.0.co;2,en,The Wilson Bulletin,2,243-245,Animal Science and Zoology
The Wilson Journal of Ornithology,2010-11-17,2017-06-19,2010-12,10.1676/09-204.1,2022-04-05,"1559-4491,1938-5447",2010-12,Wilson Ornithological Society,Crossref,Effects of Breeding Stage and Behavioral Context on Singing Behavior of Male Indigo Buntings,journal-article,http://dx.doi.org/10.1676/09-204.1,en,The Wilson Journal of Ornithology,4,655-665,"Animal Science and Zoology,Ecology,Ecology, Evolution, Behavior and Systematics"
The Wilson Bulletin,2006-08-28,2019-04-20,2005-12,10.1676/04-113.1,2022-03-30,0043-5643,2005-12,Wilson Ornithological Society,Crossref,USE OF GROUP-SELECTION AND SEED-TREE CUTS BY THREE EARLY-SUCCESSIONAL MIGRATORY SPECIES IN ARKANSAS,journal-article,http://dx.doi.org/10.1676/04-113.1,en,The Wilson Bulletin,4,353-363,Animal Science and Zoology
Conservation Physiology,2015-02-06,2022-04-28,2015,10.1093/conphys/cou063,2023-02-14,2051-1434,2015,Oxford University Press (OUP),Crossref,Predator-induced renesting and reproductive effort in indigo buntings: more work for less pay?,journal-article,http://dx.doi.org/10.1093/conphys/cou063,en,Conserv Physiol,1,cou063,"Management, Monitoring, Policy and Law,Nature and Landscape Conservation,Ecological Modeling,Physiology"
The Journal of the Acoustical Society of America,2002-07-26,2016-12-25,1997-11,10.1121/1.420820,2022-03-29,0001-4966,1997-11,Acoustical Society of America (ASA),Crossref,Automated bird songs recognition using dynamic time warping and hidden Markov models,journal-article,http://dx.doi.org/10.1121/1.420820,en,The Journal of the Acoustical Society of America,5,3176-3176,"Acoustics and Ultrasonics,Arts and Humanities (miscellaneous)"
The Wilson Journal of Ornithology,2014-07-07,2020-08-22,2014-06,10.1676/13-147.1,2022-04-02,"1559-4491,1938-5447",2014-06,Wilson Ornithological Society,Crossref,Provisioning Behavior of Male and Female Indigo Buntings,journal-article,http://dx.doi.org/10.1676/13-147.1,en,The Wilson Journal of Ornithology,2,370-373,"Animal Science and Zoology,Ecology,Ecology, Evolution, Behavior and Systematics"
NA,2023-02-06,2023-02-08,NA,10.1101/2023.02.06.527265,2023-02-09,NA,2023-02-06,Cold Spring Harbor Laboratory,Crossref,Individual differences in developmental trajectory leave a male polyphenic signature in bulb mite populations,posted-content,http://dx.doi.org/10.1101/2023.02.06.527265,NA,NA,NA,NA,NA
NA,2023-02-07,2023-02-08,NA,10.1101/2023.02.06.527306,2023-02-09,NA,2023-02-06,Cold Spring Harbor Laboratory,Crossref,Bird wings are shaped by thermoregulatory demand for heat dissipation,posted-content,http://dx.doi.org/10.1101/2023.02.06.527306,NA,NA,NA,NA,NA
NA,2022-05-20,2023-02-06,NA,10.1101/2022.04.25.489353,2023-02-06,NA,2022-04-26,Cold Spring Harbor Laboratory,Crossref,A generic risk assessment model for animal disease entry through wildlife: The example of highly pathogenic avian influenza and African swine fever in The Netherlands,posted-content,http://dx.doi.org/10.1101/2022.04.25.489353,NA,NA,NA,NA,NA
NA,2020-07-11,2020-07-12,NA,10.1101/2020.07.09.194563,2022-12-03,NA,2020-07-10,Cold Spring Harbor Laboratory,Crossref,Which animals are at risk? Predicting species susceptibility to Covid-19,posted-content,http://dx.doi.org/10.1101/2020.07.09.194563,NA,NA,NA,NA,NA
NA,2023-02-13,2023-02-13,NA,10.1101/2023.02.12.525808,2023-02-14,NA,2023-02-13,Cold Spring Harbor Laboratory,Crossref,"Genomic, genetic and phylogenetic evidence for a new falcon species using chromosome-level genome assembly of the gyrfalcon and population genomics",posted-content,http://dx.doi.org/10.1101/2023.02.12.525808,NA,NA,NA,NA,NA
NA,2023-02-07,2023-02-09,NA,10.1101/2023.02.07.527438,2023-02-10,NA,2023-02-07,Cold Spring Harbor Laboratory,Crossref,Assessing vector competence of mosquitoes from northeastern France to West Nile virus and Usutu virus,posted-content,http://dx.doi.org/10.1101/2023.02.07.527438,NA,NA,NA,NA,NA
NA,2019-12-02,2020-12-01,NA,10.1101/860882,2022-04-01,NA,2019-11-30,Cold Spring Harbor Laboratory,Crossref,"Females don’t always sing in response to male song, but when they do, they sing to males with higher pitched songs",posted-content,http://dx.doi.org/10.1101/860882,NA,NA,NA,NA,NA
NA,2019-02-16,2022-09-11,NA,10.1101/550814,2022-09-12,NA,2019-02-15,Cold Spring Harbor Laboratory,Crossref,Tracking activity patterns of a multispecies community of gymnotiform weakly electric fish in their neotropical habitat without tagging,posted-content,http://dx.doi.org/10.1101/550814,NA,NA,NA,NA,NA
NA,2022-08-19,2022-11-23,NA,10.1101/2022.08.18.504442,2022-11-24,NA,2022-08-19,Cold Spring Harbor Laboratory,Crossref,Beat encoding at mistuned octaves within single sensory neurons,posted-content,http://dx.doi.org/10.1101/2022.08.18.504442,NA,NA,NA,NA,NA
NA,2021-04-20,2021-12-15,NA,10.1101/2021.04.18.440157,2022-03-29,NA,2021-04-19,Cold Spring Harbor Laboratory,Crossref,The critical role of natural history museums in advancing eDNA for biodiversity studies: a case study with Amazonian fishes,posted-content,http://dx.doi.org/10.1101/2021.04.18.440157,NA,NA,NA,NA,NA
NA,2017-06-15,2020-10-10,NA,10.1101/149906,2022-04-06,NA,2017-06-14,Cold Spring Harbor Laboratory,Crossref,Simultaneous spike-time locking to multiple frequencies,posted-content,http://dx.doi.org/10.1101/149906,NA,NA,NA,NA,NA
Researches on Crustasea,2017-09-07,2018-08-15,1983,10.18353/rcustacea.12.0_97,2022-03-29,2433-0108,1983,Carcinological Society of Japan,Crossref,"STUDIES ON THE GENUS SERGESTES(CRUSTACEA, DECAPODA) : I. SERGESTES(SERGIA) JAPONICUS BATE, 1881 AND SERGESTES(SERGIA) MOLLIS SMITH, 1884",journal-article,http://dx.doi.org/10.18353/rcustacea.12.0_97,en,Res. Crust.,0,97-110,"General Medicine,General Chemistry"
Researches on Crustasea,2017-09-07,2018-08-15,1986,10.18353/rcustacea.15.0_29,2022-04-02,2433-0108,1986,Carcinological Society of Japan,Crossref,"STUDIES ON THE GENUS SERGESTES(CRUSTACEA, DECAPODA) : III. SERGESTES GARDINERI KEMP, 1913",journal-article,http://dx.doi.org/10.18353/rcustacea.15.0_29,en,Res. Crust.,0,29-36,"General Medicine,General Chemistry"
The Japanese journal of animal reproduction,2012-02-16,2021-03-26,1990,10.1262/jrd1977.36.133,2022-04-03,0385-9932,1990,Japanese Society of Animal Reproduction,Crossref,Prolactin and testosterone on growth and morphology of the prostate in the mastomys (Plaomys (mastomys) natalensis) of both sexes.,journal-article,http://dx.doi.org/10.1262/jrd1977.36.133,en,The Japanese journal of animal reproduction,3,133-139,NA
