genus,lc_count,vu_count
abeillia,1,0
abroscopus,3,0
aburria,0,1
acanthagenys,1,0
acanthidops,0,1
acanthis,1,0
acanthisitta,1,0
acanthiza,14,0
acanthoptila,1,0
acanthorhynchus,2,0
acanthornis,1,0
accipiter,35,13
aceros,0,1
achaetops,1,0
acridotheres,8,3
acritillas,1,0
acrobatornis,0,1
acrocephalus,24,18
acropternis,1,0
acryllium,1,0
actenoides,1,8
actinodura,3,1
actitis,2,0
actophilornis,1,1
adelomyia,1,0
aechmophorus,2,0
aegithalos,10,0
aegithina,3,1
aegolius,5,0
aegotheles,7,3
aegypius,0,1
aepypodius,1,1
aerodramus,15,8
aeronautes,3,0
aethia,4,0
aethopyga,19,2
afropavo,0,1
afrotis,1,1
agamia,0,1
agapornis,6,3
agelaioides,2,0
agelaius,3,2
agelastes,1,1
agelasticus,3,0
aglaeactis,2,2
aglaiocercus,2,1
agraphospiza,1,0
agricola,2,0
agriornis,4,1
agropsar,2,0
ailuroedus,3,0
aimophila,3,0
aix,2,0
akialoa,4,0
akletos,2,0
alaemon,2,0
alauda,3,1
alaudala,3,0
alca,1,0
alcedo,5,3
alcippe,6,1
alcurus,1,0
aleadryas,1,0
alectoris,5,2
alectroenas,4,1
alectrurus,0,2
alectura,1,0
alethe,2,0
alexandrinus,2,1
alipiopsitta,0,1
alisterus,3,0
alle,1,0
allenia,1,0
alopecoenas,5,8
alophoixus,7,2
alopochelidon,1,0
alopochen,3,0
amadina,2,0
amalocichla,2,0
amandava,2,1
amaurocichla,0,1
amaurolimnas,1,0
amaurornis,6,1
amaurospiza,2,0
amazilia,39,5
amazona,9,27
amazonetta,1,0
amblycercus,1,0
amblyornis,4,0
amblyospiza,1,0
amblyramphus,1,0
ammodramus,3,0
ammomanes,3,0
ammomanopsis,1,0
ammonastes,1,0
ammoperdix,2,0
ammospiza,3,1
ampeliceps,1,0
ampelioides,1,0
ampelion,2,0
ampelornis,0,1
amphispiza,2,0
amytornis,7,4
anabacerthia,4,1
anabathmis,3,0
anabazenops,2,0
anairetes,4,2
anaplectes,3,0
anarhynchus,0,1
anas,21,11
anastomus,2,0
ancistrops,1,0
andigena,2,2
androdon,1,0
andropadus,1,0
androphobus,1,0
anhima,1,0
anhinga,3,1
anisognathus,7,0
anodorhynchus,0,3
anomalospiza,1,0
anopetia,1,0
anorrhinus,0,3
anous,5,0
anser,7,2
anseranas,1,0
anthipes,2,0
anthobaphes,1,0
anthocephala,0,2
anthochaera,4,1
anthornis,2,0
anthoscopus,7,0
anthracoceros,1,4
anthracothorax,8,0
anthreptes,12,3
anthropoides,1,1
anthus,35,6
antilophia,1,1
antrostomus,9,3
anumara,0,1
anumbius,1,0
anurophasis,0,1
apalharpactes,1,1
apalis,19,6
apaloderma,3,0
apalopteron,0,1
aphanapteryx,1,0
aphanotriccus,0,2
aphantochroa,1,0
aphelocephala,2,1
aphelocoma,4,1
aphrastura,1,1
aphrodroma,1,0
aplonis,16,9
aplopelia,1,0
aprositornis,1,0
aprosmictus,1,1
aptenodytes,1,1
apteryx,0,5
apus,15,2
aquila,6,5
ara,5,4
arachnothera,12,0
aramides,7,1
aramidopsis,0,1
aramus,1,0
aratinga,4,2
arborophila,11,7
arcanator,0,1
archboldia,0,1
archilochus,2,0
ardea,12,3
ardenna,3,4
ardeola,5,1
ardeotis,1,2
arenaria,2,0
argusianus,0,1
argya,13,2
arizelocichla,8,1
arremon,17,5
arremonops,4,0
arses,4,0
artamella,1,0
artamus,11,0
artemisiospiza,2,0
artisornis,1,2
arundinax,1,0
arundinicola,1,0
asarcornis,0,1
asemospiza,2,0
ashbyia,1,0
asio,7,0
aspatha,1,0
asthenes,23,7
astrapia,4,1
atalotriccus,1,0
atelornis,1,1
athene,4,1
atimastillas,2,0
atlapetes,25,8
atrichornis,0,2
atronanus,1,0
attagis,2,0
atthis,2,0
atticora,3,0
attila,6,1
augastes,1,1
aulacorhynchus,12,1
auriparus,1,0
automolus,8,1
aviceda,5,0
avocettula,1,0
aythya,8,4
baeolophus,5,0
baeopogon,2,0
balaeniceps,0,1
balearica,0,2
bambusicola,3,0
bangsia,2,4
barnardius,1,0
bartramia,1,0
baryphthengus,2,0
basileuterus,10,2
basilinna,2,0
basilornis,2,1
batara,1,0
bathmocercus,1,1
batis,20,1
batrachostomus,5,5
belocercus,0,1
berenicornis,0,1
berlepschia,1,0
bermuteo,1,0
bernieria,1,0
bias,1,0
biatas,0,1
biziura,1,0
bleda,4,1
blythipicus,2,0
bocagia,1,0
boissonneaua,3,0
bolbopsittacus,1,0
bolborhynchus,2,1
bolemoreus,2,0
bombycilla,2,1
bonasa,2,1
bostrychia,4,1
botaurus,3,1
brachycope,1,0
brachygalba,4,0
brachypodius,2,1
brachypteracias,0,1
brachypteryx,9,1
brachyramphus,0,3
bradornis,5,0
bradypterus,9,3
branta,4,2
brotogeris,7,1
bubalornis,2,0
bubo,14,4
bubulcus,1,0
bucanetes,2,0
buccanodon,2,0
bucco,1,0
bucephala,3,0
buceros,0,4
bucorvus,0,2
bugeranus,0,1
bulweria,2,1
buphagus,2,0
burhinus,8,0
busarellus,1,0
butastur,4,0
buteo,20,7
buteogallus,4,5
buthraupis,1,0
butorides,1,0
bycanistes,6,1
cabalus,1,0
cacatua,6,7
cacicus,13,1
cacomantis,7,0
cairina,1,0
calamanthus,5,0
calamonastes,4,0
calamonastides,0,2
calamospiza,1,0
calandrella,6,0
calcarius,2,1
calendulauda,7,1
calherodius,1,0
calicalicus,1,1
calidris,17,7
caliechthrus,1,0
caligavis,3,0
callacanthis,1,0
callaeas,0,2
calliope,3,2
callipepla,4,0
calliphlox,3,0
callocephalon,1,0
callonetta,1,0
calochaetes,1,0
caloenas,1,1
calonectris,2,2
caloperdix,0,1
caloramphus,1,1
calothorax,2,0
calypte,2,0
calyptocichla,1,0
calyptomena,1,2
calyptophilus,0,2
calyptorhynchus,2,0
calyptura,0,1
camaroptera,5,0
campephaga,4,0
campephilus,8,4
campethera,12,1
campicoloides,1,0
campochaera,1,0
camptorhynchus,1,0
camptostoma,2,0
campylopterus,8,5
campylorhamphus,5,1
campylorhynchus,14,1
canirallus,1,0
cantorchilus,11,0
capito,6,5
caprimulgus,32,6
capsiempis,1,0
caracara,3,0
cardellina,5,0
cardinalis,3,0
carduelis,4,0
cariama,1,0
caridonax,1,0
carpococcyx,0,3
carpodacus,24,1
carpodectes,2,1
carpornis,0,2
carpospiza,1,0
carterornis,4,0
caryothraustes,4,0
casiornis,2,0
cassiculus,1,0
castanozoster,1,0
casuarius,3,0
catamblyrhynchus,1,0
catamenia,3,0
cataponera,1,0
catharacta,4,0
catharopeza,0,1
cathartes,3,0
catharus,13,1
catherpes,1,0
catreus,0,1
catriscus,1,0
ceblepyris,4,1
cecropis,6,0
celebesica,1,0
celeus,10,4
centrocercus,0,2
centropus,22,6
cephalopterus,1,2
cephalopyrus,1,0
cepphus,3,0
ceratogymna,1,1
ceratopipra,5,0
cercibis,1,0
cercococcyx,3,1
cercomacra,4,3
cercomacroides,6,0
cercotrichas,5,0
cereopsis,1,0
cerorhinca,1,0
certhia,9,0
certhiasomus,1,0
certhiaxis,2,0
certhidea,1,1
certhilauda,4,0
certhionyx,1,0
ceryle,1,0
cettia,4,0
ceuthmochares,2,0
ceyx,14,10
chaetocercus,4,2
chaetops,0,2
chaetoptila,1,0
chaetorhynchus,1,0
chaetura,9,2
chalcites,8,0
chalcomitra,7,0
chalcoparia,1,0
chalcophaps,3,0
chalcopsitta,4,0
chalcostigma,5,0
chalybura,2,0
chamaea,1,0
chamaepetes,2,0
chamaetylas,3,1
chamaeza,6,0
charadrius,23,10
charitospiza,0,1
charmosyna,8,7
chasiempis,0,3
chauna,1,1
chelictinia,0,1
chelidoptera,1,0
chelidorhynx,1,0
chenonetta,2,0
chenorhamphus,1,0
cheramoeca,1,0
chersomanes,1,0
chersophilus,0,1
chionis,2,0
chionodacryon,1,0
chiroxiphia,5,0
chlamydera,5,0
chlamydochaera,1,0
chlamydotis,0,2
chlidonias,3,1
chloebia,0,1
chloephaga,5,0
chloridops,1,0
chloris,5,0
chloroceryle,4,0
chlorochrysa,3,1
chlorocichla,4,1
chlorodrepanis,1,2
chlorophanes,1,0
chlorophoneus,5,1
chlorophonia,5,0
chloropicoides,0,1
chloropipo,1,1
chloropsis,7,6
chlorornis,1,0
chlorospingus,9,0
chlorostilbon,17,0
chondestes,1,0
chondrohierax,1,1
chordeiles,6,0
chrysococcyx,6,0
chrysocolaptes,6,3
chrysocorypha,1,0
chrysocorythus,1,1
chrysoena,2,1
chrysolampis,1,0
chrysolophus,2,0
chrysominla,1,0
chrysomma,1,1
chrysomus,2,0
chrysophlegma,2,2
chrysothlypis,2,0
chunga,1,0
ciccaba,4,0
cichladusa,3,0
cichlocolaptes,3,0
cichlopsis,0,4
cicinnurus,2,1
ciconia,5,3
cinclidium,1,0
cinclocerthia,2,0
cinclodes,11,5
cincloramphus,5,0
cinclosoma,7,0
cinclus,4,1
cinnycerthia,4,0
cinnyricinclus,1,0
cinnyris,51,7
circaetus,4,2
circus,12,4
ciridops,1,0
cissa,3,1
cissomela,1,0
cissopis,1,0
cisticola,46,4
cistothorus,4,1
cittura,1,1
cladorhynchus,1,0
clamator,4,0
clanga,1,2
clangula,0,1
claravis,1,0
cleptornis,0,1
clibanornis,2,3
climacteris,5,0
clytoceyx,1,0
clytoctantes,0,2
clytolaema,1,0
clytomyias,1,0
clytorhynchus,2,3
clytospiza,1,0
cnemarchus,1,0
cnemathraupis,1,1
cnemophilus,3,0
cnemoscopus,2,0
cnemotriccus,1,0
cnipodectes,1,1
coccopygia,3,0
coccothraustes,1,0
coccycua,3,0
coccyzus,11,3
cochlearius,1,0
cochoa,2,2
coeligena,15,4
coenocorypha,2,3
coereba,1,0
colaptes,19,1
colibri,4,0
colinus,3,1
colius,4,0
collocalia,3,0
colluricincla,5,0
colonia,1,0
colorhamphus,1,0
columba,21,14
columbina,8,1
compsothraupis,1,0
conioptilon,1,0
conirostrum,9,3
conopias,3,1
conopophaga,9,1
conopophila,3,0
conothraupis,0,2
contopus,15,1
conuropsis,1,0
copsychus,4,1
coracias,9,0
coracina,20,3
coracopsis,2,2
coracornis,1,1
coragyps,1,0
corapipo,2,0
corcorax,1,0
cormobates,2,0
corvus,35,9
corydon,1,0
corydospiza,2,0
coryphaspiza,0,1
coryphistera,1,0
coryphospingus,2,0
corythaeola,1,0
corythaixoides,3,0
corythopis,2,0
corythornis,6,0
coscoroba,1,0
cossypha,7,0
cossyphicula,1,0
cotinga,5,2
coturnicops,2,1
coturnix,5,1
coua,12,0
cracticus,5,1
cranioleuca,18,4
crateroscelis,3,0
crax,1,7
creagrus,1,0
creatophora,1,0
creurgops,2,0
crex,2,0
crinifer,2,0
criniferoides,1,0
criniger,4,1
crithagra,32,5
crossleyia,1,1
crossoptilon,1,3
crotophaga,3,0
crypsirina,1,1
cryptillas,1,0
cryptoleucopteryx,0,1
cryptolybia,1,0
cryptomicroeca,1,0
cryptophaps,1,0
cryptopipo,2,0
cryptospiza,3,1
cryptosylvicola,1,0
crypturellus,19,3
cuculus,11,0
culicicapa,2,0
culicivora,0,1
curaeus,1,0
curruca,21,2
cursorius,5,0
cutia,1,1
cyanecula,1,0
cyanerpes,4,0
cyanicterus,1,0
cyanistes,3,0
cyanochen,0,1
cyanocitta,2,0
cyanocompsa,1,0
cyanocorax,17,3
cyanoderma,7,0
cyanograucalus,1,0
cyanolanius,1,1
cyanolimnas,0,1
cyanoliseus,1,0
cyanoloxia,4,0
cyanolyca,6,4
cyanomitra,7,0
cyanophaia,1,0
cyanopica,2,0
cyanopsitta,0,1
cyanoptila,1,1
cyanoramphus,3,4
cyclarhis,2,0
cyclopsitta,5,1
cygnus,6,0
cymbilaimus,2,0
cymbirhynchus,2,0
cynanthus,3,1
cyornis,20,11
cyphorhinus,4,0
cyphos,1,0
cypseloides,4,4
cypsiurus,3,0
cypsnagra,1,0
cyrtonyx,1,2
dacelo,4,0
dacnis,7,3
dactylortyx,1,0
daphoenositta,3,0
daption,1,0
daptrius,1,0
dasycrotapha,0,3
dasylophus,1,0
dasyornis,1,2
deconychura,2,1
deleornis,2,0
delichon,4,0
deltarhynchus,1,0
dendragapus,2,0
dendrexetastes,1,0
dendrocincla,6,0
dendrocitta,6,1
dendrocolaptes,4,2
dendrocopos,11,2
dendrocygna,7,1
dendronanthus,1,0
dendroperdix,1,0
dendropicos,15,2
dendroplex,1,1
dendrortyx,2,1
deroptyus,1,0
dessonornis,5,1
devioeca,1,0
diaphorapteryx,1,0
dicaeum,42,7
dichrozona,1,0
dicrurus,20,6
didunculus,0,1
diglossa,16,2
dinemellia,1,0
dinopium,4,1
diomedea,0,6
diopsittaca,2,0
discosura,3,2
diuca,1,0
dives,2,0
dolichonyx,1,0
doliornis,0,2
donacobius,1,0
donacospiza,1,0
doricha,1,1
doryfera,2,0
drepanis,2,1
drepanoptila,0,1
drepanorhynchus,1,0
drepanornis,1,1
dreptes,0,1
dromaius,3,0
dromas,1,0
dromococcyx,2,0
drymocichla,1,0
drymodes,3,0
drymophila,8,3
drymornis,1,0
drymotoxeres,0,1
dryobates,6,0
dryocopus,2,1
dryolimnas,2,0
dryoscopus,6,0
dryotriorchis,1,0
dubusia,3,1
ducula,27,16
dulus,1,0
dumetella,1,0
dumetia,2,0
dyaphorophyia,8,0
dysithamnus,5,3
dysmorodrepanis,1,0
eclectus,3,2
ectopistes,1,0
edolisoma,17,8
egretta,9,3
elachura,1,0
elaenia,20,1
elanoides,1,0
elanus,3,1
elaphrornis,0,1
electron,1,1
eleoscytalopus,0,2
eleothreptus,0,2
elminia,5,0
elseyornis,1,0
elvira,2,0
emarginata,3,0
emberiza,36,8
emberizoides,2,1
embernagra,2,0
emblema,1,0
eminia,1,0
empidonax,15,0
empidonomus,1,0
enicognathus,2,0
enicurus,6,1
enodes,1,0
ensifera,1,0
entomodestes,2,0
entomyzon,2,0
eolophus,1,0
eophona,2,0
eopsaltria,2,0
eos,2,4
ephippiorhynchus,1,1
ephippiospingus,2,0
epimachus,2,0
epinecrophylla,8,1
epthianura,4,0
eremalauda,2,0
eremomela,9,1
eremophila,2,0
eremopterix,8,0
eriocnemis,6,6
erithacus,1,0
erpornis,1,0
erythrocercus,3,0
erythrogenys,6,0
erythrogonys,1,0
erythromachus,1,0
erythropitta,9,9
erythrotriorchis,0,2
erythrura,8,3
esacus,0,2
estrilda,14,2
eubucco,6,1
euchrepomis,3,1
eucometis,1,0
eudocimus,2,0
eudromia,2,0
eudromias,1,0
eudynamys,2,0
eudyptes,0,7
eudyptula,1,0
eugenes,1,0
eugerygone,1,0
eugralla,1,0
eulabeornis,1,0
eulacestoma,1,0
eulampis,2,0
eulidia,0,1
eulipoa,0,1
eumomota,1,0
eumyias,5,2
euneornis,1,0
eunymphicus,0,2
euodice,2,0
eupetes,0,1
eupetomena,1,0
euphagus,1,1
eupherusa,2,2
euphonia,28,1
euplectes,17,1
eupodotis,1,1
eupsittula,4,2
euptilotis,1,0
euptilotus,0,1
eurillas,5,0
eurocephalus,2,0
eurochelidon,0,1
eurostopodus,4,3
euryceros,0,1
eurylaimus,1,2
euryptila,1,0
eurypyga,1,0
eurystomus,3,1
euscarthmus,2,1
euschistospiza,2,0
eutoxeres,2,0
eutrichomyias,0,1
eutriorchis,0,1
falcipennis,2,1
falco,28,11
falculea,1,0
falcunculus,3,0
ferminia,0,1
ficedula,26,8
florisuga,2,0
fluvicola,3,0
formicarius,5,1
formicivora,5,5
forpus,6,2
foudia,4,5
foulehaio,3,0
francolinus,4,1
fraseria,7,1
fratercula,2,1
frederickena,2,0
fregata,3,1
fregetta,2,1
fregilupus,1,0
fringilla,2,2
fulica,9,2
fulmarus,2,0
fulvetta,8,0
furnarius,8,0
gactornis,1,0
galbalcyrhynchus,2,0
galbula,10,1
galerida,6,0
gallicolumba,2,5
gallicrex,1,0
gallinago,11,6
gallinula,4,1
gallirallus,0,3
gallirex,2,0
galloperdix,3,0
gallus,4,0
gampsonyx,1,0
gampsorhynchus,2,0
garritornis,1,0
garrodia,1,0
garrulax,9,5
garrulus,4,1
gavia,4,1
gavicalis,3,0
gecinulus,2,0
gelochelidon,2,0
gennaeodryas,0,1
geobiastes,0,1
geocerthia,1,0
geococcyx,2,0
geocolaptes,0,1
geoffroyus,4,0
geokichla,8,12
geopelia,5,0
geophaps,2,1
geositta,10,1
geospiza,6,8
geospizopsis,2,0
geothlypis,12,3
geotrygon,5,4
geranoaetus,3,0
geranospiza,1,0
geronticus,0,2
gerygone,18,1
glareola,5,2
glaucidium,28,5
glaucis,2,1
gliciphila,3,0
glossopsitta,3,0
glycichaera,1,0
glyphorynchus,1,0
gnorimopsar,1,0
goethalsia,0,1
goldmania,0,1
goodfellowia,0,1
gorsachius,1,1
goura,0,4
gracula,2,3
gracupica,2,1
grafisia,1,0
grallaria,21,14
grallaricula,4,6
grallina,2,0
graminicola,0,2
grammatoptila,1,0
granatellus,4,1
granatina,2,0
grandala,1,0
grantiella,0,1
graueria,1,0
graydidascalus,1,0
griseotyrannus,1,0
grus,3,6
guadalcanaria,1,0
guaruba,0,1
gubernatrix,0,1
gubernetes,1,0
guira,1,0
gulosus,1,0
guttera,4,0
guyramemua,0,1
gygis,2,0
gymnobucco,5,1
gymnocichla,1,0
gymnocrex,1,2
gymnoderus,1,0
gymnogyps,0,1
gymnomystax,1,0
gymnomyza,2,2
gymnophaps,4,0
gymnopithys,3,0
gymnorhina,1,0
gymnorhinus,0,1
gymnoris,4,0
gypaetus,0,1
gypohierax,1,0
gyps,1,6
gypsophila,4,1
habia,8,1
habroptila,0,1
haematoderus,1,0
haematopus,9,2
haematortyx,1,0
haemorhous,3,0
hafferia,3,0
halcyon,12,0
haliaeetus,4,4
haliastur,2,0
halobaena,1,0
hamirostra,1,0
hapalopsittaca,2,2
hapaloptila,1,0
haplophaedia,2,1
haplospiza,1,0
harpactes,4,6
harpagus,2,0
harpia,0,1
harpyopsis,0,1
hartertula,0,1
hartlaubius,1,0
hedydipna,3,1
heinrichia,1,1
heleia,9,1
heliactin,1,0
heliangelus,8,1
helicolestes,1,0
heliobletus,1,0
heliodoxa,9,1
heliomaster,4,0
heliopais,0,1
heliornis,1,0
heliothryx,2,0
hellmayrea,1,0
helmitheros,1,0
helopsaltes,4,2
hemicircus,3,0
hemignathus,1,3
hemimacronyx,0,1
hemiphaga,0,2
hemiprocne,4,0
hemipus,2,0
hemitesia,2,0
hemithraupis,3,0
hemitriccus,16,6
hemixos,5,0
henicopernis,1,1
henicophaps,1,1
henicorhina,2,3
herpetotheres,1,0
herpsilochmus,13,5
hesperiphona,1,1
heteralocha,1,0
heterocercus,3,0
heteromirafra,0,2
heteromunia,1,0
heteromyias,3,0
heteronetta,1,0
heterophasia,7,0
heteroscenes,1,0
heterospingus,2,0
heterotetrax,1,1
heteroxenicus,1,0
hieraaetus,5,0
hierococcyx,7,1
himalayapsitta,2,2
himantopus,1,1
himantornis,1,0
himatione,2,0
hippolais,4,0
hirundapus,4,0
hirundinea,2,0
hirundo,13,2
histrionicus,1,0
histurgops,1,0
hodgsonius,1,0
hoploxypterus,1,0
horizocerus,4,0
horornis,10,2
houbaropsis,0,1
humblotia,0,1
hydrobates,8,10
hydrochous,0,1
hydrocoloeus,1,0
hydrophasianus,1,0
hydroprogne,1,0
hydropsalis,4,0
hydrornis,8,5
hylatomus,3,1
hylexetastes,2,0
hylia,1,0
hyliota,3,1
hylocichla,1,0
hylocitrea,1,1
hylomanes,1,0
hylonympha,0,1
hylopezus,6,2
hylophilus,10,1
hylophylax,3,0
hylopsar,1,1
hylorchilus,0,2
hymenolaimus,0,1
hymenops,1,0
hypargos,2,0
hypergerus,1,0
hypnelus,2,0
hypocnemis,7,1
hypocnemoides,2,0
hypocolius,1,0
hypocryptadius,1,0
hypoedaleus,1,0
hypopyrrhus,0,1
hypositta,1,0
hypotaenidia,6,8
hypothymis,2,2
hypsipetes,15,9
ianthocincla,6,3
ibidorhyncha,1,0
ibycter,1,0
icteria,1,0
icterus,30,4
icthyophaga,0,2
ictinaetus,1,0
ictinia,2,0
idiopsar,1,0
iduna,6,0
ifrita,1,0
ilicura,1,0
illadopsis,8,1
incana,1,0
incaspiza,4,1
indicator,8,2
inezia,4,0
iodopleura,2,1
iole,3,2
irania,1,0
irediparra,1,0
irena,1,2
iridophanes,1,0
iridosornis,4,1
isleria,2,0
islerothraupis,3,0
ispidina,2,0
ithaginis,1,0
ixidia,1,2
ixobrychus,10,0
ixonotus,1,0
ixoreus,1,0
ixos,3,2
jabiru,1,0
jacamaralcyon,0,1
jacamerops,1,0
jacana,2,0
jubula,0,1
junco,3,2
jynx,2,0
kakamega,1,0
kaupifalco,1,0
kempiella,2,0
kenopia,0,1
ketupa,3,0
kittacincla,5,1
klais,1,0
kleinothraupis,3,2
knipolegus,13,0
kupeornis,1,2
kurochkinegramma,1,0
lacedo,2,0
lafresnaya,1,0
lagonosticta,12,0
lagopus,3,0
lalage,16,5
lampornis,8,0
lamprolaima,1,0
lamprolia,0,2
lampropsar,1,0
lamprospiza,1,0
lamprotornis,23,0
laniarius,15,3
laniellus,0,2
laniisoma,0,2
lanio,4,0
laniocera,2,0
lanioturdus,1,0
lanius,27,4
larosterna,0,1
larus,37,6
larvivora,4,4
laterallus,7,7
lathamus,0,1
lathrotriccus,1,1
laticilla,0,2
legatus,1,0
leiopicus,3,0
leioptila,1,0
leiothlypis,6,0
leiothrix,2,1
leipoa,0,1
leistes,4,1
leonardina,1,0
lepidocolaptes,12,0
lepidogrammus,1,0
lepidopygia,1,0
lepidothrix,6,2
leptasthenura,9,2
leptocoma,7,0
leptodon,1,1
leptopoecile,2,0
leptopogon,4,1
leptopterus,1,0
leptoptilos,1,2
leptosittaca,1,0
leptosomus,1,0
leptotila,7,4
leptotrygon,1,0
lerwa,1,0
lesbia,2,0
lessonia,2,0
leucippus,4,0
leucocarbo,3,7
leucochloris,1,0
leucogeranus,0,1
leuconotopicus,5,1
leucopeza,0,1
leucopsar,0,1
leucopternis,3,0
leucosarcia,1,0
leucosticte,4,2
lewinia,2,2
lichenostomus,2,0
lichmera,10,0
limnoctites,0,1
limnodromus,2,1
limnornis,1,0
limnothlypis,1,0
limosa,2,2
linaria,3,1
linurgus,1,0
liocichla,3,2
lioparus,1,0
liosceles,1,0
lipaugus,5,4
lissotis,2,0
loboparadisea,0,1
lobotos,0,2
lochmias,1,0
locustella,18,1
loddigesia,0,1
lonchura,27,4
lophaetus,1,0
lophoceros,8,0
lophodytes,1,0
lophoictinia,1,0
lopholaimus,1,0
lophonetta,1,0
lophophanes,2,0
lophophorus,1,2
lophopsittacus,2,0
lophorina,7,0
lophornis,8,3
lophospingus,2,0
lophostrix,1,0
lophotibis,0,1
lophotis,3,0
lophotriccus,4,0
lophotriorchis,0,1
lophura,3,8
loriculus,10,3
lorius,3,3
loxia,4,1
loxigilla,2,0
loxioides,0,1
loxipasser,1,0
loxops,1,3
lullula,1,0
lurocalis,2,0
luscinia,2,0
lybius,6,3
lycocorax,2,0
lymnocryptes,1,0
lyncornis,2,0
lyrurus,1,1
macgregoria,0,1
machaerirhynchus,2,0
machaeropterus,5,0
macheiramphus,1,0
machetornis,1,0
machlolophus,2,2
mackenziaena,2,0
macroagelaius,1,1
macrocephalon,0,1
macronectes,2,0
macronus,1,1
macronyx,4,3
macropsalis,1,0
macropygia,12,0
macrosphenus,4,1
madanga,0,1
magumma,0,1
malacocincla,2,1
malaconotus,2,4
malacopteron,2,4
malacoptila,7,1
malacorhynchus,1,0
malcorus,1,0
malia,1,0
malimbus,8,2
malindangia,1,0
malurus,12,0
manacus,4,0
mandingoa,1,0
manorina,3,1
manucerthia,0,1
manucodia,4,0
mareca,4,1
margarobyas,1,0
margaroperdix,1,0
margarops,1,0
margarornis,2,2
marmaronetta,0,1
mascarenotus,3,0
mascarinus,1,0
maschalethraupis,1,0
masius,1,0
mayrornis,1,2
mazaria,1,0
mearnsia,1,1
mecocerculus,6,0
megabyas,1,0
megaceryle,4,0
megacrex,1,0
megadyptes,0,1
megalampitta,1,0
megaloprepia,2,0
megalurulus,3,4
megalurus,1,0
megapodius,5,7
megarynchus,1,0
megascops,20,3
megastictus,1,0
megatriorchis,0,1
megaxenops,1,0
megazosterops,0,1
meiglyptes,2,2
melaenornis,9,1
melampitta,1,0
melamprosops,1,0
melanerpes,23,0
melaniparus,15,0
melanitta,4,2
melanocharis,5,0
melanochlora,1,0
melanocorypha,5,0
melanodera,2,0
melanodryas,2,0
melanopareia,4,0
melanoperdix,0,1
melanoptila,0,1
melanorectes,1,0
melanospiza,1,1
melanotis,2,0
meleagris,1,1
meliarchus,1,0
melichneutes,1,0
melidectes,6,0
melidora,1,0
melierax,3,0
melignomon,1,1
melilestes,1,0
melionyx,2,1
meliphacator,1,0
meliphaga,3,0
melipotes,4,0
melithreptus,8,0
melitograis,1,0
mellisuga,1,1
melloria,1,0
melocichla,1,0
melopsittacus,1,0
melospiza,3,0
melozone,8,1
mentocrex,1,1
menura,1,1
merganetta,1,0
mergellus,1,0
mergus,3,1
meropogon,1,0
merops,26,1
merulaxis,0,2
mesembrinibis,1,0
mesitornis,0,2
metabolus,0,3
metallura,7,2
metopidius,1,0
metopothrix,1,0
metriopelia,4,0
micrastur,6,1
micrathene,1,0
microbates,2,0
microcarbo,5,0
microcerculus,4,0
microchera,1,0
microdynamis,1,0
microeca,3,1
microgoura,1,0
microhierax,4,1
microligea,1,0
micromacronus,0,2
micromonacha,1,0
micronisus,1,0
microparra,1,0
micropsitta,5,1
micropternus,1,0
microptilotis,12,0
micropygia,1,0
microrhopias,1,0
microspingus,8,1
microstilbon,1,0
microtarsus,0,1
microxenops,1,0
milvago,1,0
milvus,3,0
mimus,10,4
minla,1,0
mino,3,0
mionectes,7,0
mirafra,19,2
mitrephanes,2,0
mitrospingus,2,0
mitu,1,3
mixornis,4,1
mniotilta,1,0
modulatrix,1,0
moho,4,0
mohoua,2,1
molothrus,5,1
momotus,7,0
monachella,1,1
monarcha,7,0
monasa,4,0
monias,0,1
montecincla,0,4
monticola,12,2
montifringilla,3,0
morococcyx,1,0
morphnarchus,1,0
morphnus,0,1
morus,2,1
motacilla,11,1
moupinia,1,0
mulleripicus,1,3
mundia,1,0
muscicapa,12,2
muscigralla,1,0
muscipipra,1,0
muscisaxicola,14,0
musophaga,2,0
myadestes,9,4
mycerobas,4,0
mycteria,2,2
myiagra,16,6
myiarchus,21,0
myiobius,4,0
myioborus,10,3
myiodynastes,6,0
myiomela,3,0
myiopagis,9,0
myiophobus,8,0
myiopsitta,2,0
myiornis,4,0
myiotheretes,3,1
myiothlypis,17,3
myiotriccus,2,0
myiozetetes,4,0
myophonus,6,3
myornis,1,0
myrmeciza,1,0
myrmecocichla,6,0
myrmelastes,8,0
myrmia,1,0
myrmoborus,3,2
myrmochanes,1,0
myrmoderus,3,2
myrmophylax,1,0
myrmorchilus,1,0
myrmornis,2,0
myrmothera,2,0
myrmotherula,18,6
myrtis,1,0
mystacornis,1,0
myza,2,0
myzomela,32,5
myzornis,1,0
nannococcyx,1,0
nannopsittaca,2,0
nannopterum,2,1
napothera,3,3
nasica,1,0
neafrapus,1,0
necropsar,1,0
necropsittacus,1,0
necrosyrtes,0,1
nectarinia,6,0
nemosia,1,1
neochen,0,1
neochmia,5,0
neocichla,1,0
neocossyphus,2,0
neocrex,1,1
neoctantes,1,0
neodrepanis,1,1
neohierax,0,1
neolalage,1,0
neolestes,1,0
neomixis,4,0
neomorphus,2,2
neopelma,4,1
neophedina,1,0
neophema,5,1
neophron,0,1
neopipo,1,0
neopsephotus,1,0
neopsittacus,2,0
neothraupis,0,1
neotis,1,3
neoxolmis,1,0
nephelomyias,2,1
nephelornis,1,0
nesasio,0,1
nesillas,4,1
nesocharis,3,0
nesoctites,1,0
nesoenas,4,1
nesofregetta,0,1
nesophlox,2,0
nesopsar,0,1
nesoptilotis,2,0
nesospingus,1,0
nesospiza,0,3
nesotriccus,0,1
nestor,0,2
netta,3,0
nettapus,3,0
newtonia,3,1
nicator,3,0
nicopsitta,2,0
nigrita,4,0
nilaus,1,0
niltava,7,0
ninox,20,16
nipponia,0,1
nisaetus,3,6
nok,1,0
nomonyx,1,0
nonnula,6,0
northiella,1,0
notharchus,7,0
nothocercus,3,0
nothocrax,1,0
nothoprocta,5,1
nothura,3,1
notiomystis,0,1
notopholia,1,0
nucifraga,4,0
numenius,3,5
numida,1,0
nyctanassa,2,0
nyctibius,6,0
nycticorax,5,0
nycticryphes,1,0
nyctidromus,2,0
nyctiphrynus,3,1
nyctipolus,2,0
nyctiprogne,2,0
nyctyornis,2,0
nymphicus,1,0
nystactes,1,1
nystalus,4,0
oceanites,1,2
ochetorhynchus,4,0
ochthoeca,9,1
ochthornis,1,0
ocreatus,1,0
ocyceros,2,1
ocyphaps,1,0
odontophorus,10,5
odontorchilus,1,1
odontospiza,1,0
oedistoma,2,0
oena,1,0
oenanthe,27,1
oncostoma,2,0
oneillornis,2,0
onychognathus,11,0
onychoprion,3,1
onychorhynchus,2,2
onychostruthus,1,0
ophrysia,0,1
opisthocomus,1,0
opisthoprora,1,0
oporornis,1,0
orchesticus,0,1
oreocharis,1,0
oreocossypha,1,0
oreoica,1,0
oreolais,2,0
oreomystis,0,1
oreonympha,2,0
oreophasis,0,1
oreophilais,1,0
oreopholus,1,0
oreopsar,1,0
oreopsittacus,1,0
oreornis,1,0
oreortyx,1,0
oreoscoptes,1,0
oreoscopus,1,0
oreostruthus,1,0
oreothlypis,2,0
oreothraupis,1,0
oreotrochilus,6,1
origma,1,0
oriolia,0,1
oriolus,25,6
oriturus,1,0
ornithion,3,0
ornorectes,1,0
oroanassa,0,1
orochelidon,3,0
ortalis,14,1
orthogonys,1,0
orthonyx,3,0
orthopsittaca,1,0
orthorhyncus,1,0
orthotomus,11,2
ortygospiza,1,0
ortyxelos,1,0
otidiphaps,2,2
otis,0,1
otocichla,1,0
otus,24,30
oxylabes,1,0
oxypogon,2,2
oxyruncus,1,0
oxyura,3,3
pachycare,1,0
pachycephala,39,3
pachycephalopsis,2,0
pachycoccyx,1,0
pachyptila,6,1
pachyramphus,18,1
pachysylvia,6,0
pagodroma,1,0
pagophila,0,1
palaeornis,1,1
palmeria,0,1
paludipasser,1,0
pandion,1,0
panterpe,1,0
panurus,1,0
panyptila,2,0
papasula,0,1
parabuteo,2,0
paraclaravis,1,1
paradigalla,1,1
paradisaea,3,3
paradisornis,0,1
paradoxornis,7,3
paragallinula,1,0
paramythia,2,0
parayuhina,1,0
pardaliparus,2,1
pardalotus,3,1
pardirallus,3,0
pareudiastes,0,2
parkerthraustes,1,0
parkesia,2,0
parmoptila,2,1
paroaria,6,0
paroreomyza,1,2
parotia,4,1
parus,2,0
passer,26,2
passerculus,5,1
passerella,5,0
passerina,6,1
pastor,1,0
patagioenas,15,4
patagona,1,0
pauxi,0,3
pavo,1,1
pedionomus,0,1
pelagodroma,1,0
pelargopsis,2,1
pelecanoides,3,2
pelecanus,5,3
peliperdix,4,0
pellorneum,10,4
peltohyas,1,0
peltops,2,0
penelope,6,9
penelopides,2,2
penelopina,0,1
peneoenanthe,1,0
peneothello,4,0
percnostola,1,1
perdicula,3,1
perdix,3,0
pericrocotus,13,2
periparus,3,0
perisoreus,2,1
perissocephalus,1,0
pernis,4,0
petrochelidon,9,1
petroica,9,4
petronia,1,0
petrophassa,2,0
peucaea,6,2
peucedramus,1,0
pezopetes,1,0
pezophaps,1,0
pezoporus,1,1
phacellodomus,9,1
phaenicophaeus,4,3
phaenicophilus,1,1
phaenostictus,1,0
phaeomyias,2,0
phaethon,3,0
phaethornis,28,2
phaetusa,1,0
phainopepla,1,0
phainoptila,1,0
phalacrocorax,7,4
phalaenoptilus,1,0
phalaropus,2,0
phalcoboenus,4,1
phapitreron,4,4
phaps,3,0
pharomachrus,4,1
phasianus,2,0
phedina,1,0
phedinopsis,1,0
phegornis,0,1
phelpsia,1,0
pheucticus,6,0
pheugopedius,15,0
phibalura,0,2
phigys,1,0
philemon,14,2
philentoma,1,1
philepitta,1,1
philesturnus,0,2
philetairus,1,0
philohydor,1,0
philortyx,1,0
philydor,7,0
phimosus,1,0
phlegopsis,3,0
phleocryptes,1,0
phlogophilus,0,2
phodilus,2,1
phoebastria,0,4
phoebetria,0,2
phoenicircus,2,0
phoeniconaias,0,1
phoenicoparrus,0,2
phoenicopterus,2,1
phoeniculus,4,0
phoenicurus,12,2
pholia,1,0
pholidornis,1,0
phonipara,1,0
phonygammus,1,0
phragmacia,1,0
phrygilus,4,0
phylidonyris,3,0
phyllaemulor,1,0
phyllanthus,1,2
phyllastrephus,15,3
phyllergates,2,0
phyllolais,1,0
phyllomyias,11,3
phylloscartes,9,7
phylloscopus,71,7
phytotoma,2,1
piaya,3,0
pica,3,2
picathartes,0,2
picoides,9,1
piculus,6,1
picumnus,22,5
picus,13,2
piezorina,1,0
pilherodius,1,0
pinarochroa,1,0
pinarocorys,2,0
pinaroloxias,1,0
pinarornis,1,0
pinguinus,1,0
pinicola,1,0
pionites,2,2
pionopsitta,1,0
pionus,8,1
pipile,1,4
pipilo,5,1
pipra,3,0
pipraeidea,3,0
pipreola,11,1
piprites,2,1
piranga,10,0
pitangus,1,0
pithecophaga,0,1
pithys,1,1
pitohui,4,0
pitta,10,7
pittasoma,1,1
pityriasis,0,1
platalea,5,1
platycercus,6,0
platylophus,0,1
platyrinchus,7,1
platysmurus,2,0
platyspiza,1,0
platysteira,2,2
plectorhyncha,1,0
plectrophenax,2,0
plectropterus,1,0
plegadis,3,0
plesiodryas,1,0
plocepasser,4,0
ploceus,52,14
pluvialis,4,0
pluvianellus,0,1
pluvianus,1,0
pnoepyga,4,0
podargus,3,0
podica,1,0
podiceps,6,4
podilymbus,2,0
podoces,3,1
poecile,15,0
poecilodryas,4,0
poecilotriccus,11,1
poeoptera,3,1
poephila,3,0
pogoniulus,9,1
pogonocichla,1,0
pogonornis,6,0
pogonotriccus,4,3
poicephalus,8,1
poikilocarbo,0,1
polemaetus,0,1
polihierax,1,0
poliocephalus,1,1
poliocrania,2,0
poliolais,1,0
poliolophus,1,0
polioptila,11,1
polioxolmis,1,0
polyboroides,2,0
polyonymus,1,0
polyplectron,2,6
polysticta,0,1
polystictus,1,1
polytelis,2,1
polytmus,3,0
pomarea,3,5
pomatorhinus,10,0
pomatostomus,4,0
poodytes,4,2
pooecetes,1,0
poospiza,6,4
poospizopsis,2,0
porphyrio,9,1
porphyriops,1,0
porphyrolaema,1,0
porphyrospiza,0,1
porzana,5,0
premnoplex,1,2
premnornis,1,0
primolius,1,2
prinia,24,2
prioniturus,3,7
prionochilus,5,1
prionodura,1,0
prionops,5,3
priotelus,1,0
probosciger,1,0
procarduelis,1,0
procellaria,0,5
procnias,2,2
prodotiscus,3,0
progne,6,3
promerops,1,1
prosobonia,3,1
prosopeia,1,2
prosthemadera,1,0
protonotaria,1,0
prunella,12,0
psalidoprocne,5,0
psaltria,1,0
psaltriparus,1,0
psarisomus,1,0
psarocolius,10,1
pselliophorus,1,1
psephotellus,3,1
psephotus,1,0
pseudasthenes,4,0
pseudastur,1,2
pseudelaenia,1,0
pseudeos,1,0
pseudhirundo,1,0
pseudibis,1,1
pseudobias,1,0
pseudobulweria,0,4
pseudocalyptomena,0,1
pseudochelidon,0,1
pseudocolaptes,3,0
pseudocolopteryx,4,1
pseudoleistes,2,0
pseudonestor,0,1
pseudonigrita,2,0
pseudopipra,1,0
pseudopodoces,1,0
pseudorectes,1,1
pseudosaltator,1,0
pseudoscops,1,0
pseudoseisura,4,0
pseudospingus,2,0
pseudotriccus,3,0
psilopogon,29,4
psilopsiagon,2,0
psilorhamphus,0,1
psiloscops,1,0
psittacara,7,5
psittacella,5,0
psittacula,0,3
psittaculirostris,5,0
psittacus,0,2
psitteuteles,2,0
psittinus,0,2
psittirostra,0,1
psittrichas,0,1
psophia,2,4
psophocichla,2,0
psophodes,4,0
pteridophora,1,0
pternistis,19,5
pterocles,14,0
pterodroma,10,25
pteroglossus,0,1
pteronetta,1,0
pterophanes,1,0
pteroptochos,3,0
pterorhinus,18,6
pteruthius,6,0
ptilinopus,33,12
ptiliogonys,2,0
ptilocichla,1,2
ptilonorhynchus,1,0
ptilopachus,1,1
ptiloprora,6,0
ptilopsis,2,0
ptilorrhoa,4,0
ptilostomus,1,0
ptilotula,6,0
ptiloxena,1,0
ptychoramphus,0,1
ptyonoprogne,5,0
pucrasia,1,0
puffinus,9,10
pulsatrix,3,0
purnella,1,0
purpureicephalus,1,0
pycnonotus,24,7
pycnoptilus,1,0
pycnopygius,3,0
pygarrhichas,1,0
pygiptila,1,0
pygochelidon,2,0
pygoscelis,3,0
pyrenestes,3,0
pyrgilauda,4,0
pyriglena,2,1
pyrilia,2,5
pyrocephalus,2,1
pyroderus,1,0
pyrrhocorax,2,0
pyrrholaemus,2,0
pyrrhomyias,1,0
pyrrhoplectes,1,0
pyrrhula,6,2
pyrrhulagra,2,2
pyrrhura,15,17
pyrrhurus,1,0
pyrroglaux,1,0
pytilia,5,0
quelea,3,0
querula,1,0
quiscalus,6,1
quoyornis,1,0
radjah,1,0
rallicula,3,1
rallina,4,0
rallus,6,7
ramphastos,5,6
ramphiculus,4,6
ramphocaenus,1,0
ramphocelus,10,0
ramphocinclus,0,1
ramphocoris,1,0
ramphodon,1,0
ramphomicron,1,1
ramphotrigon,3,0
ramsayornis,2,0
randia,1,0
raphus,1,0
recurvirostra,4,0
regulus,6,0
reinwardtoena,1,2
remiz,3,0
rhabdornis,3,1
rhabdotorrhinus,0,4
rhagologus,1,0
rhamphocharis,2,0
rhamphococcyx,1,0
rhaphidura,2,0
rhea,1,2
rhegmatorhina,4,1
rheinardia,0,2
rhinocrypta,1,0
rhinoplax,0,1
rhinopomastus,4,0
rhinoptilus,2,1
rhinortha,1,0
rhipidura,52,10
rhizothera,0,2
rhodacanthis,2,0
rhodinocichla,1,0
rhodonessa,0,1
rhodopechys,2,0
rhodophoneus,1,0
rhodopis,1,0
rhodospingus,1,0
rhodospiza,1,0
rhodostethia,1,0
rhopias,1,0
rhopophilus,2,0
rhopornis,0,1
rhopospina,1,0
rhynchocyclus,5,0
rhynchophanes,1,0
rhynchopsitta,0,2
rhynchortyx,1,0
rhynchospiza,2,0
rhynchostruthus,1,2
rhynchotus,2,0
rhynochetos,0,1
rhyticeros,1,5
rhytipterna,3,0
ridgwayia,1,0
rigidipenna,0,1
riparia,6,0
rissa,0,2
robsonius,1,2
rollandia,1,1
rollulus,0,1
roraimia,1,0
rostratula,1,1
rostrhamus,1,0
rougetius,0,1
rowettia,0,1
rubigula,4,1
rufirallus,2,0
rukia,0,2
rupicola,2,0
rupornis,1,0
rynchops,2,1
sagittarius,0,1
sakesphorus,4,0
salpinctes,1,0
salpornis,2,0
saltator,18,0
salvadorina,1,0
sapayoa,1,0
sappho,1,0
sarcogyps,0,1
sarcophanops,0,2
sarcops,1,0
sarcoramphus,1,0
sarkidiornis,2,0
saroglossa,1,0
sarothrura,7,2
sasia,2,0
satrapa,1,0
saundersilarus,0,1
saxicola,8,3
saxicoloides,1,0
sayornis,3,0
sceloglaux,1,0
scelorchilus,2,0
scenopoeetes,1,0
scepomycter,0,1
schetba,1,0
schiffornis,7,0
schistes,2,0
schistochlamys,2,0
schistolais,1,1
schoenicola,0,2
schoeniophylax,1,0
schoeniparus,6,1
schoutedenapus,1,0
sciaphylax,2,0
scissirostrum,1,0
sclateria,1,0
scleroptila,6,3
sclerurus,5,2
scolopax,4,4
scopus,1,0
scotocerca,1,0
scotopelia,2,1
scytalopus,32,11
scythrops,1,0
seiurus,1,0
selasphorus,5,2
selenidera,7,0
seleucidis,1,0
semioptera,1,0
semnornis,1,1
sephanoides,1,1
sericornis,12,0
sericossypha,0,1
sericulus,3,1
serilophus,2,0
serinus,7,1
serpophaga,5,0
setopagis,3,1
setophaga,27,9
setornis,0,1
sheppardia,6,5
sholicola,0,1
sialia,3,0
sibia,4,0
sibirionetta,1,0
sicalis,13,0
silvicultrix,4,0
siphonorhis,0,2
sipia,3,1
sipodotus,1,0
siptornis,1,0
sirystes,4,0
sitta,21,8
sittasomus,2,0
sittiparus,3,2
siva,1,0
smicrornis,1,0
smithornis,3,0
smutsornis,1,0
snowornis,2,0
somateria,1,2
spartonoica,0,1
spatula,9,0
speculanas,0,1
speculipastor,1,0
spelaeornis,3,5
spermestes,3,0
spermophaga,3,0
sphecotheres,3,0
spheniscus,1,3
sphenoeacus,1,0
sphenopsis,4,0
sphyrapicus,4,0
spilopelia,3,0
spiloptila,1,0
spilornis,3,3
spindalis,4,0
spinus,18,2
spiza,1,0
spizaetus,2,2
spizella,5,1
spiziapteryx,1,0
spizixos,2,0
spizocorys,4,3
spodiopsar,2,0
spodiornis,1,0
sporathraupis,1,0
sporophila,32,11
sporopipes,2,0
stachyris,5,8
stactolaema,4,0
stagonopleura,3,0
staphida,3,0
starnoenas,0,1
steatornis,1,0
steganopus,1,0
stelgidillas,1,0
stelgidopteryx,3,0
stenostira,1,0
stephanoaetus,0,1
stephanophorus,1,0
stephanoxis,2,0
stercorarius,3,0
sterna,9,4
sternoclyta,1,0
sternula,5,2
sterrhoptilus,2,1
stictonetta,1,0
stigmatura,3,0
stiltia,1,0
stiphrornis,2,1
stipiturus,2,1
stizorhina,2,0
stomiopera,2,0
strepera,3,0
streptocitta,2,1
streptopelia,12,3
streptoprocne,5,0
stresemannia,1,0
strigops,0,1
strix,13,3
struthidea,1,0
struthio,1,1
sturnella,1,1
sturnia,4,0
sturnornis,0,1
sturnus,2,0
sublegatus,3,0
sugomel,1,0
suiriri,1,0
sula,6,0
surnia,1,0
surniculus,4,0
suthora,10,2
swynnertonia,0,1
sylvia,6,1
sylvietta,9,2
sylviorthorhynchus,1,1
sylviparus,1,0
syma,2,0
symposiachrus,9,12
synallaxis,24,13
syndactyla,6,2
synoicus,3,0
synthliboramphus,1,4
sypheotides,0,1
syrigma,1,0
syrmaticus,0,5
syrrhaptes,2,0
systellura,3,0
taccocua,1,0
tachornis,3,0
tachuris,1,0
tachybaptus,4,1
tachycineta,7,2
tachyeres,3,1
tachymarptis,2,0
tachyphonus,3,0
tadorna,5,1
taeniopygia,3,0
taeniotriccus,1,0
talegalla,3,0
tangara,57,8
tanygnathus,2,3
tanysiptera,5,4
taoniscus,0,1
tapera,1,0
taphrolesbia,0,1
taphrospilus,1,0
taraba,1,0
tarphonomus,2,0
tarsiger,6,0
tauraco,10,3
tchagra,4,0
telacanthura,2,0
teledromas,1,0
telespiza,0,2
telophorus,3,0
temnotrogon,1,0
temnurus,1,0
tephrodornis,4,0
tephrophilus,0,1
tephrozosterops,1,0
terathopius,0,1
terenotriccus,1,0
terenura,1,1
teretistris,2,0
terpsiphone,14,3
tersina,1,0
tesia,4,0
tetrao,2,0
tetraogallus,5,0
tetraophasis,2,0
tetrax,0,1
thalassarche,1,9
thalasseus,4,2
thalassoica,1,0
thalassornis,1,0
thalurania,3,2
thamnistes,2,0
thamnolaea,1,0
thamnomanes,4,0
thamnophilus,27,5
thamnornis,1,0
thaumastura,1,0
thaumatibis,0,1
theristicus,3,1
thescelocichla,1,0
thinocorus,2,0
thinornis,0,2
thlypopsis,8,0
threnetes,3,0
threskiornis,4,2
thripadectes,7,0
thripophaga,2,3
thryomanes,1,0
thryophilus,3,2
thryorchilus,1,0
thryothorus,2,0
tiaris,1,0
tichodroma,1,0
tickellia,1,0
tigriornis,1,0
tigrisoma,3,0
tilmatura,1,0
timalia,1,0
timeliopsis,2,0
tinamotis,2,0
tinamus,1,4
tityra,4,1
tmetothylacus,1,0
tockus,7,0
todiramphus,9,16
todirostrum,7,0
todus,5,0
tolmomyias,7,0
topaza,2,0
torgos,0,1
torreornis,0,1
touit,3,5
toxorhamphus,2,0
toxostoma,8,2
trachylaemus,3,0
trachyphonus,6,0
tragopan,1,4
traversia,1,0
tregellasia,2,0
treron,18,13
tribonyx,3,0
trichixos,0,1
trichodere,1,0
trichoglossus,9,6
tricholaema,6,0
tricholestes,1,0
trichothraupis,1,0
triclaria,0,1
trigonoceps,0,1
tringa,11,2
trochalopteron,17,2
trochilus,2,0
trochocercus,3,0
troglodytes,10,3
trogon,19,1
tropicoperdix,2,2
trugon,1,0
tunchiornis,2,0
turacoena,2,1
turdinus,1,2
turdoides,13,1
turdus,75,12
turnagra,2,0
turnix,11,6
turtur,5,0
tychaedon,5,0
tylas,1,0
tympanuchus,1,2
tyranneutes,2,0
tyrannopsis,1,0
tyrannulus,1,0
tyrannus,12,1
tyto,8,5
upucerthia,4,0
upupa,3,0
uraeginthus,3,0
uratelornis,0,1
uria,2,0
urile,4,0
urochroa,2,0
urocissa,3,3
urocolius,2,0
urocynchramus,1,0
urodynamis,1,0
uroglaux,1,0
urolais,1,0
uromyias,2,0
uropelia,1,0
uropsalis,2,0
uropsila,1,0
urosphena,3,0
urosticte,2,0
urothraupis,1,0
urotriorchis,1,0
vanellus,20,4
vanga,1,0
vauriella,1,3
veles,1,0
veniliornis,13,1
vermivora,1,2
verreauxia,1,0
vidua,19,0
vini,1,4
vireo,26,6
vireolanius,5,0
viridonia,1,0
volatinia,1,0
vosea,0,1
vultur,0,1
wetmorethraupis,0,1
willisornis,3,0
xanthocephalus,1,0
xanthomixis,1,2
xanthopsar,0,1
xanthotis,3,0
xema,1,0
xenerpestes,1,1
xenicus,1,1
xenocopsychus,1,0
xenodacnis,2,0
xenoglaux,0,1
xenoligea,0,1
xenoperdix,0,1
xenopipo,2,0
xenopirostris,1,2
xenops,4,0
xenopsaris,1,0
xenornis,0,1
xenospingus,0,1
xenospiza,0,1
xenotriccus,2,0
xenus,1,0
xiphidiopicus,1,0
xiphocolaptes,3,1
xipholena,1,2
xiphorhynchus,16,1
xolmis,6,2
yuhina,7,0
zanclostomus,1,0
zanda,1,2
zapornia,12,3
zaratornis,0,1
zavattariornis,0,1
zebrilus,0,1
zeledonia,1,0
zenaida,5,2
zentrygon,6,2
zimmerius,10,3
zonerodius,0,1
zonotrichia,4,1
zoonavena,3,0
zoothera,13,7
zosterops,69,31
zosterornis,1,4
